Restaurant_ID,Restaurant_Name,Address,State_Code
e2ba4777,"Sinha, Bansal and Bhakta","53/708, Dube Marg, Anand 708031",AR
bee89873,Sengupta-Trivedi,"41, Mallick Zila, Burhanpur 295284",HP
b0cef4a2,Acharya-Kapoor,"61/148, Keer Road, Howrah 248408",MP
b017b8e0,"Loke, Bhat and Bora","90, Tripathi Path, Gwalior-417386",NL
f507298b,Saran-Chakraborty,"719, Ahluwalia Circle, Sagar 360696",OD
49b5c9db,Sridhar Ltd,"44/89, Choudhry Street, Cuttack-178718",MZ
cb71aee0,Rana and Sons,"239, Bail Road, Ajmer-763214",AS
d616b51f,"Mahajan, Ranganathan and Sibal","H.No. 53, Bhardwaj Zila, Tezpur 032797",KA
0e78f452,"Kar, Mani and Kadakia","90/68, Sandal Path, Gandhinagar-081061",KL
dd4da397,"Dayal, Sachdev and Bakshi","13/26, Khosla Chowk, Guna-838190",JH
529f64be,Kunda-Mander,"H.No. 575, Iyer Circle, Ratlam-006028",JH
bab9052b,"Yogi, Garg and Ramachandran","55/586, Mangat Ganj, Tinsukia-573658",HP
a5a9cc01,Singh PLC,"H.No. 273, Sampath, Anantapur-075439",CT
96453400,Kala-Malhotra,"24, Suresh, Loni 735474",ML
f1290856,Bail-Cherian,"H.No. 31, Bhavsar Chowk, Hubli–Dharwad-025851",TG
37acec5e,"Atwal, Viswanathan and Agarwal","849, Kaur, Katni 143687",UK
c1f3a97a,Khalsa LLC,"56/392, Sahni Nagar, Gaya 994661",AP
857f4ea2,Iyengar-Doshi,"H.No. 86, Deep Chowk, Erode 468411",CT
2e8e17c2,"Kalita, Bansal and Deshmukh","19/633, Tandon Street, Gandhinagar-362934",AS
c2a32d20,"Majumdar, Bandi and Karpe","097, Dalal Nagar, Kanpur-490595",HR
eb2e6a1e,Borra-Bava,"335, Sibal Ganj, Dindigul 725541",UK
ce09c3b1,Ray-Virk,"H.No. 388, Kothari Path, Bhatpara-046897",UK
546d4f71,Srinivas Ltd,"26/11, Setty Zila, Tinsukia-673156",HR
077b312d,"Mangat, Ray and Soman","H.No. 61, Chandra Ganj, Bongaigaon 626834",PB
8189f6e2,Iyengar and Sons,"26/545, Rajan Nagar, Pallavaram 574931",UP
0cf0a1be,Mall-Salvi,"H.No. 32, Randhawa Road, Bhind-361969",MN
70121627,Saraf Inc,"04, Swamy Ganj, Loni 711799",KL
978e8fc5,Sawhney and Sons,"69, Varughese, Narasaraopet-239673",BR
38c5b03a,"Raval, Rout and Bedi","941, Keer Ganj, Chittoor 015540",KA
e1a98e4b,Sachdev-Rajagopal,"75, Dash Path, Raipur-783807",GJ
0d9b5cb7,Hayer-Dugal,"116, Ghosh Street, Vasai-Virar 942394",UK
e278cbd0,Warrior Ltd,"40/438, Khatri Chowk, Junagadh 613146",JH
70290801,Wali and Sons,"98/90, Vora Circle, Patiala 183230",TR
560bd46c,Tata PLC,"299, Aggarwal Marg, Tadepalligudem 740925",CT
9377e47a,"Hayer, Chauhan and Dave","38/863, Srinivasan Street, Nagpur 801220",OD
71adf235,Dani Ltd,"36/518, Goda, Pali-214005",OD
1dc13d0a,Lal-Gandhi,"350, Krishnan Ganj, Phagwara 691081",OD
17c49a94,"Rana, Dixit and Hayre","587, Chada Street, Korba-768838",BR
c816f061,Doshi-Das,"64, Basu, Muzaffarnagar 332648",UP
25fd6519,"Krishnamurthy, Tara and Dube","81, Sharaf Ganj, Kolkata-995358",GJ
e4c539a1,"Khare, Bhattacharyya and Datta","32/38, Dugar Road, Raebareli 445329",KA
7ec4d32a,Ghosh LLC,"H.No. 44, Rege Road, Sikar 446422",HP
583151f5,Arora-Suri,"27/570, Chowdhury Ganj, Bhiwandi-349317",AP
043527ff,"Bajaj, Kara and Jhaveri","93, Chacko Nagar, Jamnagar-780261",MP
f38787d1,Dhillon and Sons,"H.No. 39, Sidhu Path, Katihar-727969",RJ
a82d5d43,"Kala, Chada and Wadhwa","H.No. 58, Sura Street, Thiruvananthapuram-416404",UK
abbbdf13,Dora Ltd,"22, Kadakia, Nandyal 368961",MZ
f3901dba,"Biswas, Batta and Ramachandran","98/38, Sura Marg, Danapur-290683",TR
cbdc0878,Upadhyay-Bhavsar,"44, Sridhar Chowk, Thrissur 303725",HR
4a464ac9,Garde-Tella,"415, Jani Path, Kota 956862",NL
a10c98f7,"Kara, Ram and Kata","H.No. 173, Jayaraman Street, Rewa-704240",ML
1b843d0b,"Ben, Loke and Ramesh","289, Chowdhury Path, Noida 377354",HR
bf40a0c5,"Vala, Wadhwa and Raju","73/494, Sharaf Path, Shimla-897626",JH
5665af82,Bhandari-Bal,"H.No. 94, Upadhyay Chowk, Bhopal-000527",SK
2e25ded8,Bobal-Dhillon,"H.No. 33, Soni Marg, Jodhpur 189978",MZ
0033e976,"Sibal, Hayer and Karpe","17/759, Setty Nagar, Munger-078045",MH
47a99e84,Kota-Thaker,"08/49, Kapoor Chowk, Chittoor 281789",JH
e9e2ac6d,Sidhu-Thaker,"20/617, Soman Street, Hosur-266057",HR
59de2bc6,"Doshi, Shanker and Shere","20/791, Gill, Shivpuri-783338",MP
259538d4,Dara PLC,"H.No. 49, Choudhury Zila, Amroha 313390",ML
bced4efa,"Dash, Solanki and Dash","H.No. 181, Bhagat Road, Rajkot-648049",UP
d0b62119,Dave Group,"62/66, Chakrabarti Chowk, Bhalswa Jahangir Pur 524597",MP
c337e444,"Shan, Chada and Deep","38/464, Chhabra Nagar, Asansol 766775",KA
d784a86f,Johal Ltd,"H.No. 41, Sarma Path, Nizamabad-236370",KA
565caeaa,Keer Ltd,"34/297, Bassi, Narasaraopet 219158",TR
36f4e35f,Babu PLC,"H.No. 751, Bera Ganj, Guntur-980550",AP
13a81544,Bora-Vohra,"H.No. 569, Sahota Marg, Purnia-973320",HR
f45c99c2,Sidhu Group,"H.No. 317, Deshmukh Ganj, Tinsukia-410292",AS
036f0899,"Srivastava, Jha and Verma","32/88, Chander Street, Haldia-205487",PB
78d8c22f,"Mann, Banerjee and Keer","330, Sami Marg, Yamunanagar-000236",OD
f705c458,"Banik, Varghese and Kulkarni","991, Chauhan Path, Chandigarh 172478",RJ
e23c78e2,Malhotra PLC,"17, Sidhu Road, Mangalore-491335",OD
d609e65e,Dasgupta-Chakraborty,"H.No. 87, Virk Path, Delhi-189344",JH
254db285,"Bajwa, Dani and Shenoy","757, Gandhi Zila, Durgapur 679526",MH
c70d7a03,Trivedi Inc,"H.No. 47, Gole Circle, Jalna 752598",PB
3232fb1b,"Chaudhari, Dhillon and Borah","H.No. 201, Ravel Path, Vasai-Virar 903007",BR
d9793f75,"Kibe, Vasa and Borah","05, Tak Marg, Thane 096688",OD
1ad005ec,"Swaminathan, Vohra and Mahajan","82/643, Bal Chowk, Jaipur-519790",AS
de2cf417,"Lanka, Lad and Gala","H.No. 460, Ahuja Marg, Mathura 405305",KA
a1f7d008,"Lad, Sabharwal and Raval","H.No. 30, Buch Zila, Kumbakonam 405144",MP
15923134,"Gara, Srivastava and Ramakrishnan","230, Brar, Katihar 004708",TG
b280fb09,Iyer Group,"H.No. 372, Bail, Nizamabad 042257",MP
e582805d,Borra and Sons,"13, Thaman Path, Ambarnath 961587",NL
3f608eea,Deep-Bakshi,"H.No. 667, De Zila, Rourkela-342007",HR
0f757731,Walia Ltd,"75, Sridhar Road, Surendranagar Dudhrej-163504",MH
48d0a958,Walia-Jhaveri,"65/951, Shetty Street, Parbhani-200783",TR
8793bbd0,"Bera, Bansal and Sama","35, Iyengar Circle, Ahmedabad-810195",NL
d0cefdf9,"Seshadri, Kapadia and Khosla","96/36, Bala, Guntur-595928",BR
c9535b6d,Tandon-Virk,"33, Banerjee Circle, Cuttack 248680",UK
0d3c4ec5,Dash-Borah,"H.No. 53, Banik Street, Tezpur-358384",BR
674fbbac,"Bahri, Talwar and Kadakia","56/278, Halder Ganj, Durgapur 633111",CT
1f07d927,Baria-Dar,"28, Amble, Bhusawal-533016",JH
bcdd56dc,"Gour, Comar and Rao","39/51, Dhingra Road, Nashik 239737",GJ
9e550f2b,Anne Inc,"H.No. 141, Chawla Ganj, Nellore-337807",CT
fd8b814d,Venkataraman Ltd,"93/397, Rajagopal Road, Guntur 888149",KA
083d57f5,"Chad, Kannan and Hans","H.No. 23, Dugar Path, Firozabad 071731",BR
5d40829c,"Sampath, Mall and Sahota","874, Sekhon Street, Narasaraopet 980881",TG
ac2d2d07,"Wali, Chatterjee and Bains","863, Balasubramanian Marg, Jalna-579827",BR
2948c66a,"Shere, Buch and Mammen","H.No. 288, Kari Marg, Tenali 552092",UK
384e510e,Atwal-Ramaswamy,"44/76, Gupta Ganj, Ichalkaranji-338752",TN
7f3f06db,Deshmukh Group,"31/85, Borde Marg, Ongole-523789",UP
df9e6acb,Chowdhury and Sons,"23/828, Maharaj Ganj, Alwar 037881",RJ
15a4e623,Jha Group,"86/825, Chauhan Zila, Tenali 580243",RJ
495dc9b8,Issac and Sons,"H.No. 854, Chander Ganj, Mysore-926811",ML
cef96672,"Anand, Chopra and Sethi","H.No. 692, Choudhry Marg, Morena-977154",ML
d36385ad,Uppal LLC,"217, Wali Nagar, Sirsa-981901",JH
0ba668f8,"Datta, Barad and Bhardwaj","284, Babu Nagar, Jalna 590351",GA
95839847,Chauhan-Uppal,"H.No. 769, Lal Street, Bongaigaon 082543",GA
d77943a6,"Shankar, Ganesh and Wali","031, Bajwa, Sirsa 971325",MZ
0be4c05c,"Bhatti, Soman and Chopra","89/889, Sha Marg, Mangalore 149991",MZ
29827144,Lad-Iyer,"27/569, Zacharia, Gorakhpur-272027",KL
860b0d52,"Dhingra, Bajwa and Kunda","31, Vig Path, Lucknow-852480",JH
6964eed6,"Khurana, Vig and Sarraf","68, Dhillon Ganj, Purnia 608273",OD
3054d539,"Lal, Behl and Ratta","020, Mander Marg, Kottayam 009805",BR
1bb6c741,Balasubramanian-Gour,"H.No. 86, Soman Nagar, Hindupur-217798",GA
22d0e4c5,Bhagat-Shan,"H.No. 277, Jaggi Circle, Parbhani 542744",CT
983febf2,Thakkar-Bajwa,"18/96, Rajan Ganj, Tenali 932611",CT
eac64ea1,Bhatt LLC,"93/34, Bhatti Chowk, Rourkela 213218",MP
ebf5234b,"Basu, Karpe and Thaker","H.No. 34, Bath Path, Belgaum 185758",UK
86ec22c5,Sundaram Ltd,"700, Chaudhry Path, Firozabad-508248",OD
e7144bb6,Loyal-Bora,"27/341, Dara Nagar, Ujjain 389095",MH
b238731c,Bose Inc,"31/045, Chanda Path, Bettiah 707830",MZ
62933352,Ramanathan Ltd,"717, Kala Path, Bharatpur 506190",ML
329c5bad,"Devan, Devi and Bajaj","H.No. 734, Khatri Marg, Saharsa-266953",UP
04cd79d6,"Lanka, Warrior and Boase","53/05, Jhaveri Chowk, Rajkot 759247",GJ
d1cc6a49,Ganesh-Karpe,"86/401, Buch Ganj, Mango-461514",GJ
5c86701c,Gulati-Kar,"11, Kannan Road, Thoothukudi 170508",AS
9c9a7459,Sabharwal-Sani,"47, Chopra Chowk, Imphal-718705",OD
898c0915,Tella Inc,"998, Wadhwa Circle, Jalandhar 979646",HP
223a4308,Rege Ltd,"54/942, Trivedi Circle, Ahmedabad 956753",MZ
2c847e19,"Uppal, Lata and Kanda","H.No. 062, Rege, Saharsa-475667",TR
f0ef2d7c,"Tank, Bali and Ram","H.No. 28, Mall Path, Tirupati-021372",MP
464e57f7,"Sarna, Bansal and Brar","H.No. 90, Reddy Chowk, Patiala 995000",MP
5dea5e5a,"Rama, Saran and Jha","H.No. 24, Dhaliwal Chowk, Thiruvananthapuram 139196",NL
7463b990,Buch-Kakar,"H.No. 19, Kurian Marg, Mahbubnagar-487635",HR
aad6f65d,"Rattan, Bera and Dugar","H.No. 580, Choudhury Ganj, New Delhi-925208",AP
99366c55,Agarwal-Goda,"85/13, Dhar Ganj, Satara 653995",WB
e91cd8c0,Kant-Dar,"07/254, Sandhu Path, Ratlam-717039",HR
3465e7a9,"Hayre, Andra and Walla","H.No. 727, Jha Ganj, Secunderabad 172880",GA
2a11bc8f,"Lanka, Kara and Krishna","28, Mane Street, Jamnagar-397274",UP
2af227be,Tiwari LLC,"581, Rajagopalan Circle, Bidhannagar-321041",TR
99daa261,"Sangha, Chawla and Samra","H.No. 281, Deo Zila, Dhanbad 864866",HP
9bfb3c23,Raman LLC,"H.No. 83, Gulati Street, Ongole 641574",TN
69d677fc,Krishnan Group,"85/849, Rao Path, Avadi-693873",KA
95971f24,Karpe-Mane,"38/30, Tripathi Zila, Salem-005234",BR
16543d6c,Baria-Dada,"H.No. 94, Loyal Path, Bahraich 008488",MN
d15645e7,Shan Group,"491, Bhalla Ganj, Rewa 937544",JH
6ca21904,"Sagar, Shukla and Sarma","H.No. 69, Manda Zila, Allahabad 254875",MP
084cd26d,Kohli-Som,"H.No. 00, Krish, Fatehpur 496963",JH
feb8b536,"Devan, Comar and Srinivas","642, Kalla Road, Motihari 690530",PB
b0c990a0,Malhotra-Sant,"220, Joshi Street, Kota 257478",UP
a921497b,Suresh-Ramesh,"H.No. 37, Raju, Solapur 715403",KL
2c5b8330,Badal Group,"H.No. 13, Dasgupta Road, Maheshtala-450912",MP
4446e14c,"Choudhury, Chhabra and Ramanathan","84, Karnik, Morena 391542",UK
1e265c99,"Baria, Virk and Dutta","14/896, Saraf Zila, Hindupur 046162",UP
aac869f5,Gara Ltd,"53, Bahl Ganj, Srikakulam 514382",TR
c0092f77,"Jhaveri, Karnik and Bassi","H.No. 433, Badal Street, South Dumdum-321315",AP
df94ee3c,Chhabra PLC,"H.No. 40, Seth Circle, Gulbarga-220853",MH
00e861de,Bahl-Chawla,"34/34, Vasa Nagar, Tezpur 361468",NL
ce6629b9,Tella Ltd,"90/638, Khosla Street, Vijayawada 350642",OD
eeb95bcd,Bhatt-Bora,"H.No. 91, Bala Road, Kalyan-Dombivli 028541",GJ
81bc9dd8,Aurora Inc,"H.No. 192, Swaminathan Zila, Haridwar-323865",BR
fc3c939a,Lal-Talwar,"H.No. 54, Dayal Nagar, Chandrapur-600125",TN
ca324a59,Kota LLC,"H.No. 571, Chaudhuri Marg, Tinsukia 323658",AR
41eb4b26,Gandhi PLC,"H.No. 70, Das Zila, Jalna 461258",CT
b5497d79,Bansal-Sagar,"57/53, Keer Chowk, Visakhapatnam 573915",TR
644f4e19,"Konda, Sem and Hayre","H.No. 81, Chaudhuri Path, Kavali 140433",MH
6b82fbaa,Dua Inc,"62/51, Wali Path, Chittoor 164188",MP
eceb4131,"Dua, Kapoor and Mannan","H.No. 22, Kothari Chowk, Nagercoil-066532",KL
dc8f67c1,"Char, Keer and Loyal","95, Din Nagar, Tirunelveli-704984",AR
67a19763,Bobal Group,"H.No. 89, Halder, Gudivada-504975",HR
0807d271,"Bhattacharyya, Krishnamurthy and Balan","89/363, Toor Road, Akola-007334",GA
8fd74b23,Karpe Ltd,"H.No. 296, Das Circle, Amroha-923284",CT
0ada8860,"Kaul, Sharaf and Aggarwal","H.No. 715, Dutta Ganj, Guwahati-456115",TG
02f79a8e,Brar-Kapadia,"06/31, Vora, Thane-941052",BR
c13bafc6,Sarin-Dutt,"29/394, Vala Ganj, Chandigarh 207786",MZ
f1411ad7,"Agate, Dora and Luthra","76/19, Ranganathan Road, Vasai-Virar 756264",MP
f5cf82a6,"Kade, Banik and Krish","02/338, Agrawal Road, Aurangabad-921071",GA
7ccfb494,Bawa-Kar,"H.No. 43, Dhar, Malegaon-895953",SK
8a47ec09,Sandhu-Arora,"42/09, Dara Ganj, Bulandshahr-558420",MZ
0ed7b4aa,"Kadakia, Srinivas and Sandal","742, Butala Nagar, Aurangabad-253762",HR
136395f0,"Handa, Venkatesh and Vyas","H.No. 29, Virk Road, Berhampore 805633",GA
3869f56b,"Arora, Deol and Kota","00, Garg Road, Rampur-646381",KA
5040edce,"Tailor, Choudhury and Soni","H.No. 75, Ramanathan Chowk, Chapra-737159",BR
663c4720,Venkatesh-Vasa,"H.No. 481, Rau Ganj, Moradabad 791180",AP
16c5ba53,Wali-Sen,"24/74, Dhillon, Navi Mumbai-909080",SK
90dffdb0,"Madan, Varma and Kulkarni","H.No. 38, Doctor Zila, Bhavnagar-210035",TG
4b9a69bc,Deshpande Ltd,"51/040, Deep Chowk, Rajpur Sonarpur 412511",KL
f5abbe15,"Iyengar, Dalal and Warrior","92, Shere Path, Mysore-111444",ML
e65046d8,"Sachdeva, Jani and Aurora","62/347, Khatri Ganj, Jamnagar-546279",SK
ba50c05d,Mane-Solanki,"82, Shroff Circle, Bhiwani-795592",TR
c54d516c,Chakraborty and Sons,"79/02, Dutta Circle, Begusarai-175732",CT
15b54c19,"Bahri, Madan and Dave","360, Seshadri Path, Ambattur 724041",BR
c3ba5b5b,"Grewal, Randhawa and Korpal","43/17, Devi Road, Jaipur 460091",KA
6d61e335,Konda-Bhandari,"98/91, Hayer Road, Bellary 390431",NL
705a164e,"Venkatesh, Tiwari and Kaul","517, Lal Circle, North Dumdum 096317",GA
05a74aa1,Vasa LLC,"85/775, Subramaniam Chowk, Medininagar 757224",BR
5b28dcdf,"Subramaniam, Rau and Lall","H.No. 53, Lalla Ganj, Thrissur 747445",KL
cce68df9,Lad LLC,"H.No. 978, Manne Ganj, Burhanpur 504027",GJ
3606eaa8,Karan-Chana,"83/43, Gopal Marg, Dewas-767573",HP
4e893145,Dalal Ltd,"80/00, Bhatia Ganj, Hospet-210401",CT
dfe9ed2f,"Upadhyay, Swaminathan and Yohannan","H.No. 70, Ranganathan Ganj, Karimnagar 789010",GJ
adb09c09,Chandran-Sachdev,"H.No. 10, Tripathi Ganj, Rajahmundry 556724",MP
efa752b8,Yohannan Group,"898, Seth Road, Bardhaman-747328",TR
9fa7dc7d,"Trivedi, Warrior and Bumb","03/609, Chadha Marg, Mehsana-497412",MN
d0c97e7a,"Khanna, Lad and Verma","41/17, Singh Street, Sonipat-127291",MN
a95561f0,"Buch, Madan and Sarraf","32, Kade Road, Bangalore 205881",JH
17235879,Sharma PLC,"32/60, Rastogi Ganj, Siwan 495054",SK
a5e7a5ad,Halder-Chada,"68, Varma Marg, Kumbakonam-666630",KL
e19b0cab,Banerjee-Krishnamurthy,"640, Tripathi Marg, Jhansi-044576",KA
075f5a2f,Brahmbhatt-Sangha,"53/72, Chakrabarti Marg, Anantapuram-820908",KA
3c532195,Chaudhry PLC,"85, Kibe Path, Begusarai-289970",TR
4b66fd26,Chada LLC,"54/53, Khatri Marg, Shahjahanpur 491589",JH
16a8a018,Kapur-Shetty,"H.No. 94, Suri Zila, Shivpuri-240309",SK
c19b42fb,Kamdar-Handa,"25/89, Dua Ganj, Narasaraopet-453902",NL
7661fbbb,"Sama, Korpal and Tiwari","43/169, Sule Zila, Ujjain-866735",UK
f4b63ca1,Jaggi Ltd,"H.No. 822, Thakur Circle, Mira-Bhayandar-032477",WB
b40736a4,Dyal and Sons,"14/157, Kant Road, Ulhasnagar-369863",ML
414b94d5,Lad LLC,"90/11, Krishnamurthy Ganj, Alwar-739982",TN
99000c6e,Chand-Kamdar,"945, Contractor Road, Hapur-406531",JH
044ec1dc,"Sharma, Swaminathan and Venkataraman","16, Chhabra Nagar, Srikakulam-088692",MN
a36fadd8,Kumar-Reddy,"800, De Chowk, Dehradun-544864",SK
f8cbbf30,Manne-Grover,"49/61, Kapadia Zila, Sultan Pur Majra-798076",OD
7dc65d54,Bhakta Group,"H.No. 61, Bir Circle, Nashik 763369",TR
b6e6a34f,Sarma-Rattan,"97, Sankar Path, Mahbubnagar-732344",AP
0a0334db,"Sama, Tara and De","H.No. 773, Bajwa Street, Madanapalle-215809",AP
b5374d37,Kulkarni-Tank,"50, Sarna Road, Arrah-924764",UK
9e37d5c3,Garg-Bose,"83/85, Chacko Marg, Vijayawada-076772",MP
7c1eacb4,"Soman, Dewan and Kalita","216, Yogi Street, Katni-006998",GA
688cc1e5,Krishna Group,"H.No. 97, Tata Circle, Salem 158351",PB
2448a5fa,"Sem, Karan and Sem","41/11, Varkey Zila, Shimoga 448751",TG
578ce55f,"Saxena, Buch and Dyal","35/847, Ghosh Circle, Gulbarga-726699",ML
e1880b5f,Sant-Krishnamurthy,"67/06, Sahni Street, Akola-797237",HR
cfad2ed4,Hora Group,"82/872, Sarin Road, Gulbarga 729536",UK
5e2941fc,"Chad, Sampath and Andra","90/397, Raj Road, Gwalior-740828",MH
15339b43,Cheema-Majumdar,"97/383, Kalla Ganj, Kulti 832396",MH
b587c8ba,Devan-Chandran,"55/476, Contractor Road, Sambalpur 621542",MH
551c4003,Dutt PLC,"273, Batta Circle, Pallavaram-902557",TG
ff9c724d,"Sane, Chadha and Krishnamurthy","74/03, Goel Marg, Mira-Bhayandar 312081",GJ
81eab203,"Balan, Solanki and Chada","H.No. 251, Amble Street, Tirunelveli 283106",GJ
63988cb0,"Borah, Loke and Kata","30/88, Dalal Chowk, Vellore-003119",HR
177dd5cc,"Subramaniam, Soni and Anand","22/155, Raju Zila, Mehsana 407439",OD
49d69739,Vohra-Dada,"H.No. 94, Dubey Path, Giridih-583057",MH
c23008d7,"Kakar, Seth and Kalita","26/136, Dutt Marg, Bijapur 065116",MN
8f2eb526,"Bhat, Wable and Samra","H.No. 79, Das Chowk, Tadepalligudem-708399",HR
8606a798,Deol-Sodhi,"93/350, Lad Street, Nizamabad 579152",RJ
a2652ca4,"Comar, Chaudhary and Dey","39/74, Sarraf Nagar, Bathinda-521444",UK
887b8115,Behl-Shukla,"69, Sodhi Marg, Burhanpur-327311",NL
fedf5ea9,Rajan-Bahl,"72/303, Borah, Howrah 441057",PB
aaf07324,"Lad, Ahuja and Bose","96, Luthra Street, Vadodara-299252",BR
a7379ca0,Sheth-Tank,"H.No. 080, Comar Chowk, Hajipur 238330",AP
021770a8,Bains Inc,"43/83, Dora Ganj, Tenali-684062",CT
5f035ed6,Vohra PLC,"92/41, Bains Nagar, Nizamabad 846733",TR
d5917827,Gaba and Sons,"H.No. 781, Rastogi Circle, Raipur-778234",GA
1417d67f,Balasubramanian and Sons,"68, Bhattacharyya, Phusro-882878",UK
c49a5e75,"Chad, Sandal and Kothari","H.No. 552, Shan Chowk, Mumbai-344134",MN
23591422,Bala PLC,"99, Dani Road, North Dumdum-966528",HR
8c5091f6,"Srivastava, Loyal and Kuruvilla","H.No. 53, Acharya Nagar, Kakinada-248736",WB
08a9048e,Bawa Inc,"40, Rajan Ganj, Bhubaneswar-781123",ML
831307f2,"Chahal, Gola and Mahajan","H.No. 766, Chaudry Ganj, Malda 818482",PB
d13346bf,Kulkarni-Bansal,"35/507, Dani Ganj, Vasai-Virar 844252",RJ
907b571e,Gandhi LLC,"H.No. 73, Mallick Zila, Bhavnagar 828406",OD
01f1af7c,Ganesh-Dalal,"H.No. 95, Hari Road, Gudivada-852115",WB
2068074c,Mani-Loyal,"H.No. 687, Borde Path, Ambattur 588840",CT
261bf43d,Dutt and Sons,"09, Bandi, Jorhat 208385",GJ
c909d195,Seshadri-Thakur,"H.No. 64, Mahajan Road, Srikakulam-083757",MH
2672d480,Edwin-Ravi,"H.No. 686, Lala Nagar, Sri Ganganagar-018324",NL
91a3239a,"Bajwa, Boase and Rastogi","11/959, Buch Circle, Bally 532201",HR
0607c35c,Sarkar-Ratti,"95/59, Choudhry Circle, Hospet-128426",HP
d499170f,Ramanathan Group,"140, Chaudry, Kozhikode-092463",TG
a6b2c38b,"Sandhu, Buch and Raja","85/936, Tella Ganj, Jamnagar 881271",TN
2265c869,Bobal-Khalsa,"63/99, Dara Nagar, Davanagere 652209",TN
cd3abe92,Mall-Khosla,"10/320, Sule Marg, Mathura 089684",MZ
b00c4710,Tank Ltd,"069, Srivastava Nagar, Bhilwara 228118",MN
7833a387,Samra-Golla,"43, Cherian Road, Udaipur-326638",UP
2a91ff40,Bandi-Bhagat,"47/547, Tara, Aizawl-550613",CT
db5b852e,Sachdev-Thaker,"47, Tandon Road, Dewas 815440",HP
88af13b6,Acharya-Devan,"36/888, Sangha Nagar, Chapra 916150",MZ
2ba639c3,"Thakkar, Kanda and Dasgupta","H.No. 59, Kata Street, Kalyan-Dombivli 129884",TN
f29aa2ad,Balan-Zachariah,"H.No. 918, Chaudhry Ganj, Dehri 221218",CT
4c335f8b,Dey-Tailor,"52, Issac Zila, Hyderabad-938594",MN
48e3eb6b,Som PLC,"96/424, Gandhi Circle, Nandyal-490797",SK
77090860,"Khosla, Sabharwal and Sengupta","H.No. 22, Dora Ganj, Mangalore-792408",NL
11036a02,Kamdar Inc,"363, Batta, Amaravati 745107",NL
14fee5f5,"Mangat, Balakrishnan and Shetty","542, Mannan Circle, Tiruvottiyur-443406",BR
d50c9a21,"Sheth, Vora and Bhardwaj","05/53, Brar Marg, Pune 732182",TR
d10a9817,"Badami, Verma and Date","H.No. 143, Balakrishnan Road, Bidar-395393",HR
1300aadb,"Sehgal, Chadha and Boase","76/69, Yohannan, Mau 616420",TR
a9f728a2,Sarma-Deol,"H.No. 11, Chaudhuri Road, Uluberia-398080",TG
bb8ecd32,Mallick and Sons,"H.No. 724, Soni Nagar, Katni-698172",RJ
ee930f36,Saran Inc,"82, Dash Circle, Bidar 992403",TN
441f097c,Ramakrishnan-Krishna,"H.No. 39, Ramakrishnan, Tadipatri 910711",NL
bd11d974,Kakar-Kohli,"88/138, Savant Path, Amaravati-105185",MP
ef2c0f53,Zachariah-Dalal,"00, Bumb Ganj, Thane 886856",SK
e858706d,"Sunder, Mandal and Yohannan","H.No. 50, Cherian Path, Ramgarh 955152",CT
f5bf7eb8,Kannan-Kala,"H.No. 394, Kakar Road, Surendranagar Dudhrej 569397",AS
f71ae101,Dhingra-Agate,"40/547, Babu Marg, Nadiad 667540",TR
b317b0f0,"Majumdar, Rajagopalan and Seshadri","H.No. 749, Madan Chowk, Proddatur-113643",HP
dd74ded0,"Yadav, Aurora and Thakur","H.No. 59, Hayer Path, Pondicherry-503513",RJ
8d16458b,Chadha-Khanna,"H.No. 39, Boase Circle, Chennai-059620",AS
fcd56e02,Sood-Rajagopal,"H.No. 162, Chander Marg, Maheshtala 455395",OD
50bd2110,Khatri-Lanka,"35, Vohra Path, Panchkula 395010",OD
beae54e6,Doctor PLC,"H.No. 87, Issac Path, Moradabad-318198",TR
ee90a6a9,Datta-Jain,"13/08, Badal, Bettiah-787926",HP
88cdf0d1,Verma-Bath,"66/906, Choudhary Marg, Proddatur 834726",MP
574d567d,"Malhotra, Golla and Sami","H.No. 881, Dhar Zila, Rohtak-440986",AR
cf1e0003,"Aggarwal, Balasubramanian and Khanna","38, Hora Path, Panvel 702467",HR
717399d8,Tailor Group,"167, Apte, Indore 878764",SK
456e7182,Tandon-Mallick,"355, Balan Street, Bongaigaon 363568",SK
d971a0f0,Gole LLC,"H.No. 427, Vohra Nagar, Jorhat-109815",ML
abc68a73,Bansal-Dewan,"95/030, Edwin Zila, Tenali-004464",MN
d8357448,"Sundaram, Raj and Gokhale","20, Din Zila, Panihati 822288",MZ
a7d72852,Shenoy Ltd,"H.No. 55, Dhillon, Raiganj 541826",AP
351dab13,Arora PLC,"00, Sundaram Zila, Mahbubnagar 340441",GJ
252f7159,"Sule, Thaman and Wason","039, Wali Road, Dewas-892506",MZ
c964c3ee,"Chakrabarti, Banik and Mallick","H.No. 67, Borah Path, Ahmednagar-993770",MZ
dbc3684e,"Kade, Subramanian and Kari","243, Solanki Circle, Siliguri 829862",KA
2f87a7f8,"Verma, Borah and Ram","94/63, Hayer Nagar, Pallavaram-242469",GJ
e34e5631,"Bahl, Edwin and Gala","25/672, Rajagopalan Chowk, Siwan 948317",MZ
23e80498,Goel LLC,"H.No. 02, Bhandari Circle, Jaipur 722838",TN
1c4d5498,Batta and Sons,"H.No. 45, Issac Circle, Tirunelveli-638429",MN
46eb8210,Gandhi Group,"72/707, Swaminathan Marg, Bettiah 084597",JH
a099f10d,Jani-Sood,"H.No. 622, Mani Path, Ghaziabad-714825",MZ
467db5c8,Saran Group,"28/78, Kar Ganj, Surat 880143",PB
1b828146,"Taneja, Bir and Kunda","02/546, Sastry Path, Allahabad 781838",MN
bd1339ce,"Guha, Dhaliwal and Bhagat","H.No. 71, Bhatia Street, Kumbakonam 965744",OD
3512044f,"Raja, Bansal and Ghosh","H.No. 42, Shetty Circle, Sirsa-478757",MH
cb60eb82,Koshy-Chacko,"07/85, Chowdhury Ganj, Machilipatnam-081031",AS
aa8eeca9,"Johal, Sheth and Viswanathan","69/539, Yogi Path, Mira-Bhayandar 979177",HR
0e2d2158,Sahota-Bhakta,"H.No. 401, Varkey Street, Barasat 975635",UP
5aa47959,Yogi-Sinha,"863, Wable Zila, Karimnagar 685418",WB
bd8aa52b,Rajagopal Inc,"H.No. 62, Choudhry, Munger-886152",OD
070269df,Madan Ltd,"H.No. 631, Hora Zila, Ghaziabad-722168",GJ
f58c0310,"Dhar, Sethi and Mani","351, Kanda, Pudukkottai 952266",KA
6fb64220,Arya-Bose,"H.No. 203, Maharaj Street, Vijayawada-860301",UP
5c0c5fc7,Dada PLC,"95, Bose Marg, Indore 693600",BR
82db05f6,Sawhney-Magar,"737, Dada Road, Jalandhar 396425",TN
dd3d52a3,"Arora, Vala and Choudhary","15/262, Vig Ganj, Uluberia 896404",HR
99ea5c99,Deol and Sons,"57/550, Jain Marg, Gandhidham-299683",GJ
8e9181a7,"Bhagat, Desai and Rama","518, Kadakia Ganj, Arrah 925287",UK
9a471184,"Balasubramanian, Cherian and Kant","881, Ratta Road, Jalgaon-505281",PB
d1e55644,Batta-Ramesh,"331, Mall Ganj, Phusro-958477",TG
9a13638b,Venkataraman LLC,"18/780, Gupta Zila, Ratlam-164924",UK
d3cb3a98,Loke Group,"12/51, Dugal Street, Gurgaon 653795",PB
27aecbc2,Taneja and Sons,"H.No. 48, Barman Road, Gandhinagar 114298",AP
e4c21903,Kothari PLC,"203, Ray Marg, Bhimavaram 233862",MP
b973785f,Dara LLC,"H.No. 35, Gopal Street, Srikakulam-583265",JH
a8313952,Bora LLC,"354, Choudhury Marg, Rohtak 069895",SK
7e6456c7,Agate Group,"75, Shan Circle, Shivpuri 270716",UK
ea36f1ba,"Khanna, Kadakia and Sur","61, Char Nagar, Bareilly-729867",KA
57cc05c7,"Lad, Atwal and Gill","H.No. 148, Badami Road, Surendranagar Dudhrej-059117",TR
4df720eb,"Dara, Subramanian and Chander","96/967, Jani Path, Bidar 522903",WB
3446750d,Rama-Venkatesh,"597, Wali Street, Moradabad-620175",KA
9436853d,Mangat-Taneja,"64, Varghese Circle, Thrissur 606602",TG
7cbf451f,Virk Inc,"220, Bath Zila, Singrauli-644870",JH
13f76eed,Guha Inc,"48/87, Chana Zila, Sri Ganganagar-089217",ML
0eb1594d,Karnik Group,"H.No. 45, Chad Nagar, Chittoor-907259",TR
aad97fc4,"Solanki, Chand and Edwin","57, Kakar Zila, Baranagar 045774",BR
a4724de2,Acharya Ltd,"52, Mammen Street, Raebareli 337863",KA
84b8d8f4,"Chada, Ramanathan and Srivastava","H.No. 555, Barad Marg, Baranagar-218957",NL
e2ea89d5,Gour PLC,"13/451, Sethi Marg, Muzaffarpur 354227",TR
3f664acb,Trivedi-Vora,"06/179, Arya Street, Solapur 346400",CT
070a827f,"Toor, Chadha and Vaidya","95/394, Chopra Road, Sambalpur 116278",HR
505a1d17,Soman and Sons,"079, Mani Zila, Karnal-291310",WB
155402d8,Kari Inc,"H.No. 719, Bail, Rampur 499859",HP
00127d0f,"Kaur, Saran and Hans","10/621, Singhal Circle, Ballia-135868",RJ
8aef7016,Karnik Group,"03, Chatterjee Path, Karnal 164747",ML
1b86e8b4,Rastogi Group,"H.No. 81, Gade Chowk, Patna-166068",KL
5b5de96d,Doshi-Lata,"H.No. 341, Shah Nagar, Pondicherry-642554",AS
8c66afe1,"Sethi, Suri and Sodhi","H.No. 887, Loke Zila, Maheshtala 310283",CT
3af89794,Iyengar Inc,"H.No. 131, Walla, Bhimavaram-463777",HR
baca062b,"Deshpande, Subramanian and Rau","H.No. 621, Kala Road, Tadepalligudem 309054",TG
73b9012b,"Hora, Andra and Khurana","H.No. 49, Magar Ganj, Anantapur 871233",HP
2fd7a99f,"Buch, Shankar and Bora","71, Devan Ganj, Tiruppur 692773",GA
d48cdf23,"Brahmbhatt, Tripathi and Date","695, Kakar Ganj, Kamarhati 142829",JH
80ba8529,"Vaidya, Loyal and Raman","10/666, Kaur Road, Karnal 144925",KL
a1469883,"Choudhry, Srinivas and Bandi","58/361, Devi Nagar, Saharanpur 309864",NL
f98eb402,Raja-Krishnan,"539, Barman Road, Bhiwandi-283153",GJ
9eec1386,Ganesh-Gupta,"20/893, Chana Nagar, Chennai 458162",WB
96a8fef8,Sem-Ramaswamy,"80/18, Deol Ganj, Noida-292776",BR
f5ddfac4,Shukla-Bandi,"03, Sani Path, Dhanbad-125252",UK
d7dcf8ee,"Agarwal, Wali and Jaggi","77/046, Dubey Nagar, Muzaffarnagar 819675",GA
d4825fc3,Kapoor-Hari,"34, Vohra Nagar, Sambhal 981660",GJ
2c85208f,"Setty, Sama and Balakrishnan","H.No. 17, Sachar Path, Nadiad 326611",AR
e0184398,"Hayre, Bandi and Sachar","056, Tak Street, Naihati-118388",AS
2f122571,"Gole, Dhingra and Bajaj","34/62, Boase Nagar, Junagadh-542349",JH
70ce7908,Agarwal-Ben,"84, Srinivasan Ganj, Deoghar-647251",NL
9db6431c,Bakshi Inc,"81/815, Sahni Street, Narasaraopet 154810",AS
5d37a1f5,Bhalla Inc,"H.No. 72, Lad Circle, Erode 485137",UP
2370d02d,Mammen Group,"248, Krishnan Circle, Gaya-371072",BR
8c6322d9,Swaminathan and Sons,"41/67, Venkatesh Street, Karnal-158660",GJ
9c639f83,"Jha, Krish and Grewal","720, Ahluwalia Ganj, Pune-122321",MZ
00bccbc7,Sha and Sons,"354, Baral Ganj, Fatehpur 596855",AP
90963cf7,"Maharaj, Behl and Vasa","358, Raman Ganj, Indore 781163",AR
f8aa5a6e,"Sunder, Rattan and Anne","14/347, Luthra Chowk, Ongole-581634",BR
ac90aa08,Mangat Ltd,"596, Sandal Circle, Nagercoil 652681",AP
d7bc72ef,"Barad, Dubey and Babu","233, Deshpande Ganj, Jamshedpur-588407",UK
83c429c1,"Toor, Krishnamurthy and Sarkar","54/03, Wadhwa Street, Jalna-837903",AR
b6d76271,"Vyas, Sen and Bedi","92, Kakar Street, Rewa 782107",GA
65b8c914,Sankaran Group,"H.No. 163, Ahuja Marg, Ramgarh 224163",MP
3cc6d570,"Khalsa, Desai and Batta","H.No. 583, Vora Zila, Jhansi-262670",UK
73554438,"Ganesh, Iyer and Contractor","23/09, Walia, Bhiwani 686912",PB
c8c1a32e,Sastry Group,"38, Mander, Baranagar-768938",PB
dfa7d59a,"Sachdev, Chanda and Saini","19/09, Bobal Marg, Tirunelveli 237497",AR
7d4b1846,Sant-Jani,"06/65, Jha Street, Proddatur 256061",MN
9e315ce4,Banik Group,"68, Swaminathan Chowk, Etawah 325014",MP
b8dc1d6d,"Soni, Sachdev and Gour","H.No. 89, Kibe Street, Serampore 765592",AR
41eb5767,Goel PLC,"H.No. 99, Setty Path, Warangal 415104",SK
0399b955,Kara-Singhal,"28/171, Dasgupta Circle, Madurai-854675",TN
6ffa0e0d,Lall Inc,"88/600, Balasubramanian Zila, Unnao-566050",GA
8a04e5eb,"Atwal, Sankar and Venkatesh","68/48, Wagle Zila, Panchkula-804451",HR
de43eabb,Kannan-Choudhry,"11, Bhasin Ganj, Karimnagar 700146",OD
7656bb43,"Kannan, Sama and Chahal","259, Wadhwa, Korba-033485",MN
976a5df1,Sant PLC,"H.No. 551, Bhat Ganj, Jabalpur 331618",ML
f98b8dcf,"Thakkar, Swamy and Sarma","65, Chawla Nagar, Mangalore-110888",BR
9bdd47ff,Kakar Inc,"139, Gandhi Path, Jalandhar 135587",MZ
1243cc97,Garde PLC,"08, Warrior Circle, Sagar 549213",JH
8dfdd049,"Loke, Sethi and Brar","51/483, Bali Path, Serampore 615415",HP
9d8a4643,Mane LLC,"953, Sankaran Road, Anand 608962",KA
b4bd14cb,Bajwa-Dube,"08/916, Rao Marg, Salem 973004",KA
eda64afc,"Vasa, Sankaran and Shankar","646, Dube Ganj, Rohtak 675626",MN
65131f1e,Lanka LLC,"37/775, Dua Path, Mira-Bhayandar 091520",BR
aead8aae,"Saxena, Bassi and Brahmbhatt","H.No. 80, Raman Road, Agra-008552",MH
992dc59a,Soman-Kant,"314, Shere Ganj, Kochi 343491",TG
a6c4b8db,Kala-Chowdhury,"033, Arora Chowk, Secunderabad-971695",WB
cc5a87b5,Sule LLC,"61/924, Mander Ganj, Kochi-902402",TR
30e95109,Bir-Balay,"88/245, Dhingra Nagar, Amroha 150091",GJ
3d831a24,"Tak, Ahluwalia and Rama","H.No. 895, Randhawa Nagar, Mehsana-267504",AP
ddb2ee63,"Dhillon, Kalla and Bajaj","H.No. 67, Toor Road, Orai-993239",KA
2af9910d,"Madan, Mahajan and Swaminathan","843, Sharma Zila, Sonipat 674824",AR
736b6225,"Dara, Lad and Choudhury","33/70, Bobal Chowk, Malegaon-482147",AP
49f2f620,Chaudhry Inc,"67, Sankar Nagar, Tezpur-198298",TR
01cebaa0,"Dixit, Acharya and Kapoor","42/93, Devan, Rajkot 165581",MP
472896b5,"Sehgal, Choudhry and Bandi","04, Ravi Chowk, Varanasi 544154",RJ
95ddd0ed,Bal-Rau,"23/695, Ravi Road, Jalandhar-100077",ML
1be6d48e,"Bhasin, Ghose and Walla","74/484, D’Alia Nagar, Junagadh-926855",KA
976cddbe,Sane LLC,"H.No. 687, Babu, Bokaro-404506",TG
0d39c079,Dugar Ltd,"514, Seshadri, Howrah-664664",GA
e9070f06,Dugal and Sons,"09, Tandon Street, Anand-034663",KA
cfacd9f7,Toor and Sons,"96/26, Mall Chowk, Hajipur 516334",MZ
93117802,Buch and Sons,"318, Dara Chowk, Mathura-387961",WB
e941fc03,Johal Inc,"044, Issac Ganj, Bharatpur-136095",SK
5d1909b4,Krishnan Inc,"72, Gokhale Marg, Nashik-719497",TR
578dc150,Wason LLC,"H.No. 044, Sood Circle, Sasaram 888643",BR
5f37a0f8,Yadav Inc,"34/11, Dubey Marg, Rajpur Sonarpur 217949",KA
cc078c9d,Ratta PLC,"H.No. 048, Upadhyay Street, Tadipatri-054643",AP
7e8ad8ca,"Varma, Dayal and Chauhan","H.No. 54, Ramanathan Nagar, Sangli-Miraj & Kupwad 871828",OD
76647100,Venkatesh Ltd,"702, Boase Zila, Kolhapur-994084",HR
988d7b68,"Edwin, Ramakrishnan and Ray","H.No. 515, Sidhu Chowk, Akola-419255",AS
97c8564b,Sengupta-Karan,"44, Sundaram Nagar, Sultan Pur Majra-888067",AP
1402e26a,"Khanna, Sachdeva and De","H.No. 31, Sehgal, Satara 651801",MP
d14fd48a,"Venkatesh, Mall and Lad","H.No. 837, Saxena Path, Kurnool 840529",GA
a2eb73d1,Talwar-Bhalla,"19, Sachdeva Ganj, Kanpur-989548",PB
25ae1237,"Sha, Talwar and Sridhar","68/36, Sood Road, Sambalpur 677389",TG
53a0428a,"Sankaran, Dugar and Konda","01/520, Kar Road, Meerut-974547",HP
605e0bce,"Chaudhuri, Chhabra and Rajagopalan","58/167, Sandal Road, Haridwar-851069",GA
6cd3bf58,Singhal and Sons,"85/95, Barad Marg, Thrissur-368158",UP
63e6f6cb,Sood-Dave,"H.No. 062, Wali Circle, Bangalore 292753",AP
afd27a85,Wason-Toor,"51/64, Jha Marg, Bharatpur 357490",MP
e99e7aeb,Badami-Kanda,"H.No. 559, Toor Path, Tadepalligudem-385054",HR
c1974620,Sarraf-Bhasin,"521, Trivedi Chowk, Bellary 724841",BR
8d2e97e0,Chokshi-Bala,"864, Jayaraman Circle, Avadi-619869",TR
c76efcc3,Swaminathan Inc,"29/62, Bhagat, Khandwa 332502",MN
2d9ecb1a,Dass-Kari,"H.No. 422, Gala Chowk, Tadepalligudem 153131",MN
ceb7c16b,"Mahajan, Brar and Guha","H.No. 86, Hans Marg, Sultan Pur Majra-448297",TR
51214945,Tandon Inc,"87, Dua Path, Kolhapur-919201",ML
75ed2b56,Rege-Kalita,"H.No. 69, Dhingra Nagar, Silchar 642859",RJ
a428835f,"Divan, Kala and Majumdar","H.No. 470, Ghosh, Ludhiana-845855",KL
4df65ad3,Contractor-Amble,"77/509, Sabharwal Path, Raiganj 619623",GJ
3a12422e,"Sahota, Din and Sahni","35/58, Raju Street, Deoghar 137416",JH
a1ccae1c,Balakrishnan Group,"H.No. 57, Chahal Ganj, Amroha 135302",AS
7b9bcf01,"Sunder, Bawa and Sinha","04/280, Choudhry Road, Bhubaneswar-831122",UP
b181bf8f,Seth-Kala,"22, Dubey Zila, Mehsana-601463",TG
3737796d,Ramesh PLC,"41/375, Atwal Chowk, Hindupur 450542",HR
938f9709,Saxena-Mahal,"75/618, Sami Zila, Panchkula 805522",WB
233e6c42,Bedi LLC,"82/90, Rajagopal Street, Etawah 402096",MN
8a837acf,Bahri LLC,"16/737, Ahuja Zila, Sambhal-638749",MH
683e2ddc,Din-Maharaj,"22/97, Wadhwa Path, Panchkula-448341",RJ
79803d07,Subramanian-Arora,"H.No. 36, Kibe Ganj, Tirunelveli 626095",AR
40415144,Dass LLC,"048, Chaudhry Marg, Karaikudi-249770",RJ
b847d4c4,Chandran Ltd,"604, Vohra Circle, Pallavaram 002859",MH
6fa8cbcf,"Yohannan, Bumb and Singh","79, Dada, Guntakal 847760",NL
e1f26a21,Shankar Group,"43/08, Lalla Chowk, Berhampore-385405",SK
8c17d18f,"Mannan, Venkataraman and Issac","H.No. 48, Goswami Circle, Navi Mumbai 943443",GA
07487c22,Goswami and Sons,"486, Ratti Chowk, Kakinada-105174",AR
3f7b7e15,Mangat Ltd,"86/16, Vaidya Marg, Tiruvottiyur 911556",UK
b2ee8c3f,Kalita-Seshadri,"34/135, Master Marg, Morena 274697",KL
9232d1f4,"Atwal, Gade and Chaudry","71, Chandra Ganj, Aurangabad-274860",GJ
3444baf2,"Lad, Kara and Wali","21/733, Tiwari, Udupi 250643",NL
70875420,Joshi LLC,"H.No. 39, Dhingra Ganj, Shimoga-176750",AS
8bfa3e3c,Seshadri Ltd,"87/58, Johal Road, Parbhani 332447",RJ
de05f3b2,Handa LLC,"H.No. 31, Kapadia Circle, Hubli–Dharwad 783493",MH
271b926a,Aggarwal PLC,"128, Varkey Ganj, Karimnagar 401146",JH
cd186e04,Dube and Sons,"H.No. 845, Aggarwal Ganj, Yamunanagar 422886",PB
fbeac99e,"Chauhan, Sheth and Shankar","39/34, Maharaj Ganj, Hosur 650057",WB
fb1a58b8,"Sarraf, Mani and Dayal","H.No. 17, Rajagopal Street, Adoni-958170",CT
fcf00b24,Krishna PLC,"14/94, Agrawal Circle, Malda-736943",ML
338dec1b,Dani Inc,"89/237, Jani, Nandyal 303545",MP
d20f26e0,Reddy-Sant,"56, Soman Ganj, Uluberia-132433",AS
8e27931b,"Mallick, Shanker and Dani","77/691, Brar Ganj, Uluberia-885891",SK
f7f0c4bf,"Dayal, Varty and Malhotra","91/76, Manne Street, Davanagere-016121",MZ
5de26c42,"Luthra, Bajaj and Garde","25/04, Chowdhury Chowk, Surendranagar Dudhrej-860338",UP
19151d2a,"Chawla, Vohra and Doshi","04/481, Chaudry Marg, Anantapur 474394",ML
7efedc8b,Bhatti-Kamdar,"72, Rout Chowk, Secunderabad-763062",WB
4ce3e4ff,"Dugar, Salvi and Randhawa","H.No. 297, Gole Circle, Allahabad-575407",ML
a8935508,"Ravel, Chacko and Chaudhuri","22/18, Sha Chowk, Tezpur 754430",JH
1aa4337c,Dutta-Dara,"120, Chad Circle, Sri Ganganagar-884578",ML
6e1f100b,"Tripathi, Sheth and Jhaveri","13/881, Halder Marg, Ramgarh 741319",TG
5fcc77fa,"Khalsa, Srivastava and Shah","001, Dutta Nagar, Noida-408928",HR
89448e75,Agate-Wali,"68, Balasubramanian Path, Howrah-861908",GA
466ee0db,"Edwin, Sethi and Cherian","01/97, Master Ganj, Anand-724117",TG
5b606fbc,"Deep, Agarwal and Hari","82/48, Kala Road, Ballia 407662",KA
f20f7d0b,Grover PLC,"086, Buch Road, Kota 724844",KA
1c2fea77,"Bhalla, Krishnamurthy and Apte","81/910, Singhal Path, Patna-081986",CT
ccbf964d,"Ahuja, Chandra and Bali","38, Ramakrishnan Circle, Unnao 606748",GJ
8baefeb7,"Sandal, Borah and De","26/978, Swaminathan Nagar, Indore 992599",TR
6968cbce,Halder Group,"55/49, Vora Street, Jabalpur 103983",MN
0c450fd0,Raval-Keer,"45, Bera Path, Loni 024313",HP
1351511d,Mangal-Sekhon,"H.No. 33, Sampath Ganj, Dhanbad-409564",AS
44a591e1,Ramaswamy-Swaminathan,"397, Bobal Road, Ghaziabad-467130",KL
89fef2a1,"Bahl, Bajwa and Seth","84/329, Barad Path, Bhagalpur 912398",KL
7bb8a04e,"Mander, Bava and Manne","H.No. 52, Sheth Chowk, Tirupati-106669",TR
78d8ae9d,"Dora, Jain and Garg","97, Khare, Satara 218928",UP
f4ec1c49,"Bandi, Yadav and Krishna","834, Sidhu Marg, Bhagalpur 199460",MZ
a60db17a,"Mallick, Bumb and Wali","H.No. 269, Seshadri Road, Meerut-556744",ML
6a7a6ed3,"Chada, Randhawa and Toor","77, Rau Nagar, Pudukkottai 166665",RJ
14839568,Kota Inc,"84/473, Vala Circle, Machilipatnam-896622",KA
019ddebc,Bath LLC,"36/50, Tank Street, Nashik-533264",HP
61a3d6e8,Wable Inc,"146, Sarraf Path, Uluberia 020406",CT
4cdaac80,Wali LLC,"762, Ramachandran Zila, Ichalkaranji 042181",HR
74bbcf11,Viswanathan Inc,"H.No. 717, Singhal Street, Surat 025692",MH
ad5e882a,Anne Group,"65/05, Chawla Street, Kurnool-843103",SK
f3766371,Thakur-Sekhon,"H.No. 45, Aggarwal Road, Imphal 029462",TR
2c0626f9,"Bhasin, Ram and Sunder","75/751, Bassi Zila, Sagar-043609",MP
96b6fb8f,"Mani, Tak and Bhatnagar","120, Ramakrishnan Marg, Mangalore-600484",AS
a1a5bc74,"Dasgupta, Iyer and Bir","H.No. 04, Tak Path, Shimoga-880956",BR
b1e61c44,"Setty, Sundaram and Arora","30/74, Johal Nagar, Silchar-751975",TN
1a5ba479,Talwar LLC,"01, Chaudhry Ganj, Dehradun-165486",AR
c344c5f2,Maharaj Group,"156, Issac Circle, South Dumdum 842073",NL
02270ff2,Kalla-Anand,"01/54, Wason, Khandwa-125428",NL
6651941a,"Bhatti, Mane and Bansal","09, Venkataraman Marg, Thane 031161",UK
24c63a1b,Deo PLC,"92/570, Viswanathan Circle, Shahjahanpur 504505",CT
81fadb05,Khanna Inc,"H.No. 224, Upadhyay Street, Nagpur 530664",KL
e4519b24,"Krishnamurthy, Deshmukh and Yohannan","324, Kamdar Ganj, Jhansi-650592",TN
74b9b8be,D’Alia-Setty,"01, Viswanathan Circle, Junagadh 143341",UP
9d7e492c,Uppal PLC,"94/154, Kurian Zila, Avadi 151276",UP
90edc18b,Chowdhury-Hayre,"858, Guha Street, Dharmavaram 852414",RJ
9a039c40,Bose and Sons,"H.No. 483, Karan Path, Satna 988923",WB
7333e358,Dugar-Suresh,"61/923, Rastogi Zila, Bidhannagar-393385",MH
e0aef59e,Khurana LLC,"19, Walia Path, Tiruchirappalli 482683",KL
7c84c9ec,Chandran-Chakrabarti,"H.No. 461, Mall Chowk, Erode 097013",OD
d93eb784,"Raju, Bajwa and Bains","H.No. 688, Hari Path, Mehsana-791050",MP
def6217b,"Sethi, Bir and Barman","70, Chahal, Surat 355473",OD
6ab8645e,Deep Inc,"H.No. 791, Hegde Marg, Raebareli-818140",MN
d6d447bd,Banik Ltd,"36/607, Venkataraman Road, Coimbatore 612135",HP
0d758852,Chaudhry-Solanki,"H.No. 604, Saha Circle, Bhilai-571770",GA
05c9baf7,Sawhney-Buch,"846, Sathe Path, Moradabad-471669",MH
a2197dc3,Kibe-Choudhury,"054, Wali Circle, Rajpur Sonarpur-805857",NL
0cc9ad4d,"Kakar, Kala and Dada","55/463, Garg Circle, Vellore-035222",HP
9764da25,"Bedi, Hora and Garg","51/208, Gopal Ganj, Dhule 514757",HP
ba36adf1,"Sagar, Vyas and Magar","H.No. 95, Boase Path, Nangloi Jat 476804",TG
84524a80,"Mander, Karan and Bandi","142, Master Marg, Chapra 875237",TN
6bfa80fa,Ramanathan and Sons,"45, Doshi Circle, Saharanpur 016270",MN
309eec00,"Char, Devi and Solanki","89/04, Saha Path, Motihari 097022",AR
bec6fff3,Bali Inc,"88/20, Raju Chowk, Guwahati 849595",AR
ff9e4fcd,Sachdeva Inc,"192, Deshmukh Chowk, Ichalkaranji 022782",ML
f0483bab,"Khalsa, Varty and Sachdev","13, Gara Chowk, Gudivada 560628",MN
7c1ce47f,Bandi Ltd,"62/172, Chahal Nagar, Tadipatri 602390",SK
e0f90433,"Gera, Kale and Mahal","H.No. 68, Kakar Marg, Tenali 562480",ML
113e1e86,"Mander, Thaker and Savant","H.No. 98, Gandhi Path, Tenali-675082",TR
73782f31,"Gupta, Saini and Sankaran","79/61, Agate Street, Hazaribagh 877422",OD
4ad2ae63,Kannan Group,"H.No. 70, Golla Marg, Anantapuram-650367",GA
d6d8a787,Sundaram-Keer,"H.No. 10, Shroff Ganj, Kottayam 635498",AS
e53a9ed5,Kashyap Ltd,"48/30, Tank Marg, Gangtok 364334",TN
0e767d8e,Baria-Chokshi,"H.No. 30, Ray, Buxar-829632",KL
1eacbca1,Chakraborty-Mall,"48, Kata Street, Proddatur 283306",HP
45c374dd,Vyas Group,"38/594, Baral Nagar, Bulandshahr 472442",GJ
2a92933a,Kuruvilla Ltd,"82/18, Iyengar Chowk, Amaravati 647036",TN
f1a54ff2,Korpal and Sons,"68/81, Sathe Zila, Begusarai 937161",AP
88e9e873,"Kapadia, Loyal and Bava","519, Dora Marg, Chittoor-445023",GA
1a29086b,"Saran, Kohli and Shetty","H.No. 46, Bhatnagar Road, Ramagundam 271444",GJ
feb212b9,Varty-Manda,"814, Tata Circle, Surendranagar Dudhrej-563794",KA
d41b9d69,Bhatnagar Inc,"H.No. 84, Bhargava Path, Panvel-221418",SK
12093742,Datta Ltd,"39/022, Varughese Ganj, Salem-181059",KL
e8e64f39,Rajagopalan LLC,"007, Balan Street, Bhimavaram 725749",HR
322781f6,Taneja-Tripathi,"H.No. 184, Lall Ganj, Thrissur-158948",KL
bb93923e,"Saha, Koshy and Sule","45, Sekhon Street, Faridabad-408134",RJ
d8f0ecf6,Kapoor Inc,"02/73, Mangat Chowk, Vellore-307650",TR
2fb97464,"Sridhar, Golla and Ganguly","85, Ravel Nagar, Gurgaon-205731",KA
0f20a11a,"Sagar, Babu and Toor","25, Contractor Ganj, Panvel 924698",RJ
0e2ebcd7,Dada and Sons,"519, Tripathi Street, Avadi-988345",UK
98a2ac0f,"Divan, Bajaj and Sandhu","38/225, Jain Path, Ozhukarai-505970",MP
64161f88,Dugal-Sangha,"097, Bhatti Ganj, Sultan Pur Majra 068279",CT
5065c56d,"Sampath, Dutta and Ghose","74/096, Chada Zila, Madhyamgram 095606",ML
6b5cb356,"Sami, Badal and Rama","503, Barad Road, Dehri-004196",PB
b44c65e3,"Roy, Hegde and Sekhon","13/613, Gulati Path, Hosur-861908",AS
2c396e97,Sandal-Tella,"58/877, Deol Marg, Mango 086943",TR
056e5460,Ratti-Baral,"H.No. 217, Khalsa Nagar, Pondicherry-991500",OD
8f3bc23a,"Bath, Ratta and Sanghvi","08/851, Wable Marg, Ranchi 720594",KL
e2fdd245,Gandhi Inc,"H.No. 59, Aurora, Jalna-838757",MH
e673b33a,Bhalla-Tata,"62/05, Singhal Path, Berhampore-134887",MZ
15a96d9b,"Bose, Jain and Subramanian","62, Konda Street, Dehri 064041",PB
45a4a6c9,Sinha LLC,"42/905, Chanda Path, Karnal 651847",MH
96afa6f0,"Kohli, Gour and Keer","H.No. 25, Venkatesh Street, Madurai-063047",MZ
7c7d4ca0,Dhar LLC,"H.No. 557, Sha Path, Satna 252925",AS
39d847ca,Sagar-Biswas,"797, Lad Marg, Khora  221642",BR
73cd07e6,Kala-Balasubramanian,"644, Grewal Ganj, Ramagundam-662234",MZ
a08b7dfb,Chakrabarti Group,"H.No. 40, Chahal Marg, Pudukkottai 438235",MP
7886285d,"Chandra, Kara and Gill","31/059, Gala Road, New Delhi-478685",MH
ee7d8a17,Bhandari and Sons,"54/221, Taneja Nagar, Nizamabad-034458",WB
81901ac4,Chahal-Krishnamurthy,"70/135, Kota Circle, Saharanpur-234347",PB
10596f14,Rattan-Seshadri,"235, Chauhan Street, Jalna 548493",GJ
d44a79c9,Gandhi LLC,"61/841, Ganesh Ganj, Mangalore 738210",RJ
cd7b4094,Ramakrishnan Ltd,"55/66, Roy Chowk, Ramagundam 584694",PB
973dd69d,Suresh-Chand,"46/50, Dora Marg, Pali 467786",BR
65f45f9c,Ratta-Bera,"H.No. 43, Anne Ganj, Erode-263441",PB
8647da36,"Kadakia, Choudhury and Deshpande","45/47, Bath Nagar, Pali-012397",OD
4439a8e5,Virk Ltd,"H.No. 738, Bhat, Bidar 687163",BR
2adc9e97,"Sawhney, Sandal and Baral","105, Gala Ganj, Jalna 983937",KL
fbe557d4,Wason LLC,"66/84, Bhatnagar Ganj, Hajipur-182460",GA
7412c72a,"Swaminathan, Chakraborty and D’Alia","H.No. 82, Din Path, New Delhi 860992",JH
bb3d65b1,Sha-Bhakta,"94/647, Bhattacharyya Circle, Patna-281469",UP
16cfbdc6,Gokhale-Rao,"287, Chahal Ganj, Bidhannagar-682865",KL
492793c0,"Trivedi, Gandhi and Joshi","H.No. 953, Kakar Nagar, Vijayanagaram-972862",PB
6496b699,Swamy-Jain,"56/393, Chowdhury Street, Jaunpur 207602",MN
e120aa32,"Ganesh, Tata and Sibal","H.No. 51, Dhillon, Tadepalligudem 935447",CT
34f55a70,Bobal PLC,"99/60, Kata Path, Munger-666704",AS
b32d14f6,"Sarma, Ganguly and Ganesan","H.No. 922, Kunda Path, Mirzapur 787036",JH
02ed60ac,Dugal LLC,"12/67, Khalsa Ganj, Thrissur 686867",UK
aa66824b,Saxena-Kalita,"175, Kar Nagar, South Dumdum-896976",JH
ef2aaaa3,"Talwar, Chaudhary and Srinivasan","H.No. 48, Hegde Ganj, Mumbai 741217",AR
71704dfb,Kalita and Sons,"058, Badal Nagar, Alappuzha-613721",ML
23c9cf80,"Salvi, Tata and Mannan","H.No. 67, Rege Chowk, Danapur 486474",MH
d0b23eba,Sane-Babu,"76/55, Som Ganj, Pali-173876",UP
9c3abe6a,Rattan-Hegde,"H.No. 60, Bhargava Street, Tiruvottiyur 845612",WB
f635a6a0,Mand PLC,"75/019, Amble Nagar, Durgapur-960618",GA
804a8eec,Behl-Sampath,"51/36, Dyal Path, Dindigul 384370",UK
a71263b6,"Bhargava, Dhawan and Thaman","H.No. 64, Sura Road, Panihati 964321",MN
369bb17d,Chanda and Sons,"46/278, Bir Chowk, Berhampur 578459",SK
9579b714,"Sharaf, Behl and Bajwa","02/876, Dhar Marg, Hyderabad-695828",OD
fae1ecbe,Talwar-Lal,"70/35, Wadhwa Chowk, Silchar 475868",JH
5da06b3a,Savant-Halder,"00, Raja Marg, Ozhukarai-714424",MP
64e48817,Bajwa Inc,"H.No. 806, Gade Road, Avadi 940695",JH
bbf52892,Bhatia and Sons,"H.No. 942, Dora Nagar, Gandhidham-484459",MH
040775fd,Sem-Singh,"82, Doshi Ganj, Fatehpur-358322",UP
6b3f1d35,Balay PLC,"06/695, Mall Chowk, Allahabad-207911",TN
5d868f83,"Lanka, Karnik and Sundaram","15, Kota Zila, Nandyal-374759",TG
59923351,Acharya and Sons,"51, Mani Path, Jamshedpur 330694",CT
07704efe,Sahota Ltd,"H.No. 692, Soman Street, Ambarnath 399174",OD
f90de53f,Sarma-Jhaveri,"93/31, Vasa Path, Patiala-835225",TR
0d7c0980,Dalal and Sons,"H.No. 000, Sule Ganj, Davanagere-430455",RJ
fc4c6045,Divan-Talwar,"H.No. 887, Banerjee Road, Purnia 553916",HR
455cb655,"Sehgal, Bose and Sant","H.No. 199, Ganesh Path, Secunderabad 998149",WB
b08d3f94,"Karpe, Khosla and Hayer","86, Krishnamurthy Path, Bulandshahr-342835",ML
5ff23152,Ramachandran Ltd,"H.No. 309, Mahal Path, Nagercoil 765361",TG
3d742529,Ramachandran Ltd,"554, Sehgal Chowk, Tenali-287870",NL
d8c8984a,Walla-Kapoor,"H.No. 74, Gaba Ganj, Berhampore 712790",GA
2fa5c133,Kashyap LLC,"144, Mahal Marg, Kishanganj-250618",CT
57befd55,Chakraborty Ltd,"694, Dhawan Marg, Jamalpur-500012",TR
a1b48ae8,Gola Group,"184, Kanda Zila, Jammu 910739",OD
e8db69eb,Madan-Bakshi,"63/756, Dora Ganj, Mira-Bhayandar-218029",KL
12582213,"Thaman, Chaudry and Uppal","10/763, Guha Street, Madurai 728509",KA
d85f803a,Sen Inc,"H.No. 870, Soman Circle, Bhiwandi 670796",AS
955d9f29,"Tiwari, Bumb and Acharya","46/40, Venkatesh, Surat-767445",MN
9fdf0edd,"Keer, Sur and Madan","H.No. 191, Devan Circle, Thane-363115",GJ
457a1464,Tiwari LLC,"70, Sane Street, Pimpri-Chinchwad-445081",KA
b66ae33f,Saini-Devi,"H.No. 464, Dhawan Zila, Jhansi-408435",SK
5a86b3a2,Date-Acharya,"786, Subramanian Path, Imphal-709522",UP
a22d9358,"Chanda, Ramachandran and Sawhney","67/19, Bhalla Ganj, Chittoor 069716",OD
ae905cbf,Dalal-Mangal,"53/951, Chaudhari Circle, Tiruppur 748562",GA
a402a5b4,Sastry-Varkey,"08/252, Gour Road, Bhilai 095374",HP
ee63e3c3,Bose Ltd,"334, Bansal Chowk, Bulandshahr-814100",WB
15c806b9,Virk-Batra,"H.No. 10, Bhatia Path, Sonipat 256749",MZ
0b713826,Grover LLC,"494, Anne Chowk, Gandhinagar 024565",HP
cdb3edd1,Deep-Mann,"75/630, Tata Nagar, Anantapuram-436756",AP
618273a6,Vig-Deshmukh,"46/848, Sunder Chowk, Jorhat 938656",WB
572eae94,Gala-Sachdev,"H.No. 270, Kala Road, Vasai-Virar 963693",MH
caf2665e,"Tank, Chowdhury and Chakrabarti","10, Balasubramanian Ganj, Patna-219357",MN
c7ca57fb,Comar Group,"H.No. 233, Sura Chowk, Bellary-679043",AP
b5f6f79a,"Choudhary, Raman and Garg","74/344, Upadhyay, Tadipatri-612431",KA
d7cfaef7,Ravel-Zacharia,"651, Bose Zila, Bokaro-046966",AS
1136bc1d,Saran-Bhatt,"68, Chaudry Path, Alwar-766199",HP
ee597b01,"Walia, Kara and Anand","89/178, Iyengar Road, Shivpuri-196530",UP
fae441d0,"Ramanathan, Dugar and Banik","03, Bahri Circle, Vijayawada 141393",HP
1ce60613,"Garde, Sen and Dixit","H.No. 997, Virk Circle, Jalna-944892",TR
0ec257e7,Suri and Sons,"H.No. 412, Sodhi Nagar, Ramgarh 599023",WB
8d67b792,Loyal-Badami,"99/858, Gour, Mango 543760",ML
a99d173c,Sandhu-Khosla,"59/94, Sura Chowk, Gopalpur-276988",UK
190f37a4,"Dixit, Wali and Bobal","91, Kannan Chowk, Morena-835153",UK
8bb65059,Lad Ltd,"320, Deshmukh Road, Bahraich 268071",SK
5f886913,"Sundaram, Verma and Zacharia","H.No. 003, Bawa Chowk, Bardhaman-244661",GA
9697910b,Apte-Yogi,"286, Ramaswamy Nagar, Bhatpara-641441",KA
3d5bb1c7,Sami Ltd,"H.No. 292, Chada Ganj, Serampore-274018",PB
9fd8e951,"Rao, Bandi and Bora","20, Amble Ganj, Ludhiana 543646",JH
550fb5fa,"Lala, Devi and Edwin","43/58, Rana, Varanasi 667942",HP
9d2dd8b4,"Vyas, Rout and Gade","H.No. 19, Mand Road, Nagaon-946690",MH
46d6f4d6,"Kothari, Chokshi and Tripathi","56/00, Char Nagar, Adoni 611826",UK
14b73847,"Sabharwal, Joshi and Srivastava","205, Deep Marg, Bhiwani-010331",WB
9ca3b6c8,Dua-Sheth,"94/45, Ranganathan Zila, Guntur 236982",TG
91b5724d,Loke and Sons,"18/32, Issac Street, Chinsurah 809624",PB
b8786682,Ben and Sons,"92, Thaker, Proddatur-859900",NL
44c6627d,Majumdar-Kale,"39/87, Dhaliwal Ganj, Jaipur 086093",MH
e0a9baf7,Varughese PLC,"778, Magar Street, Bhopal 428816",TG
57379c86,Din LLC,"32, Choudhury, Thoothukudi-086217",RJ
cf7aa8b6,Sandal-Virk,"H.No. 13, Agrawal Nagar, Bhiwani-285636",SK
248091e3,Bahri-Bhargava,"50/57, Uppal Path, Gandhinagar 216685",MP
9099075d,Bhakta LLC,"899, Wable Marg, Raebareli-845477",MN
870e5f83,Saxena-Garde,"02, Thaman Marg, Bhatpara-471735",AS
5dedaaad,Choudhary-Brahmbhatt,"H.No. 013, Varghese Zila, Eluru-315712",BR
0d82b708,"Mandal, Gour and Andra","46/09, Shroff Path, Udupi-789505",MN
93707d2b,Srinivas-Mane,"H.No. 267, Chander Path, Srikakulam-405673",TG
d78df267,"Dua, Khurana and Bala","594, Sharma Nagar, Gandhidham-458747",KL
4f153287,Bawa-Sastry,"H.No. 351, Bedi Nagar, Guwahati 063102",ML
6296d604,"Chacko, Sangha and Sama","H.No. 416, Taneja Street, Hazaribagh 208084",TG
898f043b,Kapoor-Gala,"21/32, Ramesh Street, Surat-101643",MN
0f4b97e5,Anand Group,"H.No. 169, Halder Zila, Madurai 846339",UK
fdd69c49,Sanghvi Group,"202, Baral Marg, Hazaribagh 108094",JH
42c15e59,"Agarwal, Ramakrishnan and Thaker","89, Solanki Road, Kakinada 608171",GA
114abbe9,Bumb and Sons,"35/720, Raman Marg, Karimnagar-979264",RJ
f3e2e6b3,"Majumdar, Sane and Sridhar","69, Cheema Marg, Malegaon 042534",MN
1ff7b220,"Wagle, Brahmbhatt and Chatterjee","65/13, Sura Nagar, Nizamabad-167825",NL
e5d80123,Bhatnagar Inc,"30, Shetty Circle, Gopalpur-978564",GJ
f9ad3591,Bhatti Ltd,"H.No. 45, Cheema Chowk, Bhiwani 267077",TR
ae3f1a5e,"Dixit, Sodhi and Thaker","H.No. 262, Kapadia Path, Guntakal-496394",KL
fc4d1cdc,Karpe-Sandal,"23/76, Deshmukh Ganj, Bhilai-049240",AR
214ea0c2,"Dash, Buch and Kota","H.No. 03, Varma Chowk, Medininagar 606809",PB
f3445920,Chand Inc,"H.No. 28, Chaudhry Road, Rajkot-439608",TN
8c9c27cc,Ghosh Ltd,"93/70, Soni Nagar, Sambalpur 192686",AR
239b905a,"Kalla, Sane and Chand","H.No. 746, Bhattacharyya Zila, Asansol 189042",HP
3d449bc0,"Borde, Borde and Dhaliwal","49/49, Gole Nagar, Jammu 297151",PB
ac8811c3,"Lalla, Varty and Atwal","H.No. 888, Dada Street, Nagercoil 049818",MP
72e5c57f,Sule PLC,"85/90, Bava Road, Rampur-321657",ML
c4bfbe17,"Gade, Tella and Hegde","91, Viswanathan Ganj, Kavali 696893",MP
b85bb142,Kar Group,"H.No. 706, Bakshi Circle, Akola-192373",TG
4436d8bc,Swamy Group,"69, Subramaniam Street, Mysore 839131",BR
e7bb7dff,Kunda-Rastogi,"H.No. 23, Sodhi Marg, Pali 713447",KA
cdece6e1,Doctor and Sons,"705, Buch Zila, Nagpur-020948",CT
a9cd3e9c,Mangal-Taneja,"00/37, Sarma Zila, Rajpur Sonarpur 137406",TG
adb0951e,"Suri, Behl and Barad","382, Bath Street, Hajipur-801457",WB
08ab8e1d,"Dara, Saha and Varma","41/027, Datta, Ghaziabad 475019",MN
4c8959e2,Das-Sant,"H.No. 696, Master Path, Thanjavur 264266",TR
f07a51ed,"Badal, Kar and Comar","130, Deshmukh Circle, Guna 000268",UP
5bc5de5e,Sen Inc,"469, Agate Chowk, Jalandhar 180806",UP
dd8d7100,"Gill, Banerjee and Jani","501, Hayer Path, Darbhanga-077816",TN
75a7cbe5,"Sheth, Barad and Karan","25/526, Sridhar Street, Kavali-044815",BR
1bc148a9,Bajwa-Seth,"083, Mann, Yamunanagar 405150",GA
8d112a29,Bhavsar-Bora,"579, Chahal Circle, Sagar-192564",AR
db167417,Issac Ltd,"80/276, Vora Chowk, Meerut 347453",TG
30fb5d96,"Loke, Barad and Kapoor","H.No. 303, Bandi Street, Etawah-202479",TN
b0e02385,Dar-Bobal,"H.No. 499, Joshi, Katni-384595",MZ
3a16847a,Sehgal Group,"016, Jaggi Road, Pudukkottai-683765",KL
a8a86bc3,"Joshi, Tripathi and Ramanathan","82, Gulati Ganj, Etawah 174813",PB
58022eb9,"Singhal, Zachariah and Ravel","568, Arya Ganj, Amroha 962669",KL
3865bf13,"Khosla, Varughese and Malhotra","05, Dixit Nagar, Rourkela-964094",CT
7069afd2,Bail-Badami,"90/372, Vora Street, Ratlam-399028",TG
ffb4962e,Bava and Sons,"952, Basu Chowk, Gwalior 474509",BR
e3914417,Khosla Group,"09/951, Sastry Ganj, Erode 976732",AR
08eca0c8,"Sane, Bhavsar and Tripathi","262, Konda Path, Bharatpur-563980",RJ
5288e5e9,Ramakrishnan LLC,"96/356, Shetty Marg, Junagadh-521109",GA
5042bb22,Dayal and Sons,"H.No. 87, Chanda Chowk, Muzaffarnagar-610386",MP
09b16a25,"Bhalla, Ramachandran and Bhatti","H.No. 914, Keer Ganj, Sangli-Miraj & Kupwad-854637",TG
f695fbca,Sengupta-Sridhar,"499, Jain Zila, Tiruchirappalli-076257",MN
bc98f958,"Jayaraman, Ratti and Vaidya","141, Sachar Chowk, Patna 830370",BR
f914dd67,Gulati Group,"H.No. 59, Hegde Ganj, Thiruvananthapuram 734831",CT
7ee664fc,"Sama, Tara and Buch","72, Yogi Road, Chandigarh-373546",TG
c6596ae9,"Som, Saini and Yohannan","62, Sehgal Nagar, Bokaro-099417",NL
ad1ff317,"Contractor, Hans and Shenoy","815, Doshi Circle, Panipat-698157",MH
5777260f,Basu-Khurana,"067, Sama Circle, Nagaon-086143",HP
20cedb50,"Bhavsar, Bora and Jani","56, Buch, Guntur 605763",GJ
25438645,Kothari-Upadhyay,"27/631, Rana Ganj, Bathinda-613434",AP
4a9f7e09,Gupta Inc,"565, Vala, Nellore 043046",JH
25570d43,Taneja PLC,"88/410, Ramaswamy Road, Bhiwandi-022541",AP
87574439,"Tata, Baral and Atwal","86/38, Rau Ganj, Mysore-478708",MP
864c548b,Verma and Sons,"H.No. 260, Sha Chowk, Tezpur 856357",TN
b12119ab,Mammen-Mallick,"31/76, Jhaveri Road, Jaunpur-777000",AP
a1f378a6,"Ben, Loke and Sur","74/23, Anne Ganj, Mahbubnagar 257751",PB
74760b56,Bhatt-Wason,"H.No. 121, Boase, Nellore 499749",NL
259532e6,Dhillon-Chad,"H.No. 577, Soni Nagar, Navi Mumbai-133805",AS
0ca4ce6e,"Atwal, Doshi and Seth","085, Sankar Street, Shimla-835648",AR
29aeebf6,Wason-Rajan,"H.No. 584, Master Zila, Kurnool 607060",TN
d1666930,Kunda Group,"01, Chacko Chowk, Fatehpur 463893",OD
55e83917,Trivedi-Keer,"H.No. 365, Aggarwal Road, Chinsurah 571536",ML
4b6b0f89,D’Alia-Yohannan,"11, Savant Zila, Farrukhabad-415919",GA
8034f5bd,Kanda-Mahal,"008, Mand, Raiganj 577332",NL
c0a6c9ed,Kalita-Hayer,"H.No. 90, Srinivasan Nagar, Pimpri-Chinchwad-940531",TR
48fea46f,Verma-Master,"19/32, Bhat Ganj, Phagwara 641636",KL
a8168b93,Choudhury Ltd,"H.No. 171, Grewal Nagar, Raurkela Industrial Township-114087",JH
306aa249,Manne-Kumar,"03/45, Lad, Thoothukudi-789343",HR
f90ed116,Gokhale-Sandhu,"90/04, Sharaf Zila, Solapur 064536",PB
72fa179b,"Anne, Konda and Kamdar","H.No. 79, Mangal Zila, Medininagar 613764",UP
77bf970d,"Dora, Gera and Bava","57/460, Lanka Circle, Durg 617194",AR
91584f97,"Bakshi, Johal and Gera","971, Karpe, Adoni 408588",SK
b43ed505,"Karpe, Issac and Ramachandran","47/499, Sarna Zila, Loni 878501",AS
8a238e23,"Sura, Vala and Cheema","520, Sastry Marg, Mahbubnagar 044354",GJ
48951106,"Chaudhari, Mane and Mani","H.No. 48, Mane Road, Jabalpur-405380",HP
23b2b663,Divan Inc,"18/167, Sekhon Road, Navi Mumbai 445129",HP
5c3f27ba,Ahluwalia Group,"31/619, Bahl Path, Serampore-316020",UP
2b1f5578,"Jaggi, Kamdar and Dara","81/636, Chadha, Bhatpara 275296",HR
9273470b,"Mann, Warrior and Walia","H.No. 847, Bhasin Street, Ulhasnagar-758556",MZ
c6891db2,Ratta-Varty,"592, Choudhury, Firozabad-172627",WB
682053d2,Bahl LLC,"H.No. 163, Varghese, Tumkur-555291",AP
96e25e34,Kaur Group,"H.No. 131, Raju Circle, Tiruvottiyur-603332",TN
620c08f8,Gaba PLC,"36, Sengupta Nagar, Guntakal 437273",UP
82a87b43,Khosla PLC,"44/190, Chaudhuri Circle, Jabalpur 879656",MH
a4fc51bd,Sachdeva-Sunder,"849, Rajan Nagar, Ambarnath-165081",GJ
8a93aace,"Kale, Iyengar and Bath","75/635, Krishnamurthy Road, Tumkur-740670",OD
cd31201a,Bobal-Bhatt,"75/573, Sen Circle, Haridwar-922132",GA
e8141560,"Solanki, Kumar and Karan","H.No. 028, Kale Chowk, Bikaner-047649",MP
979c5777,"Chahal, Gola and Savant","H.No. 07, Kade, Jalna 113750",AP
672095f7,"Yohannan, Madan and Bath","264, Doctor Circle, Pondicherry-210762",NL
59228fd3,Jani-Bhatt,"550, Bal Street, Allahabad-502022",AR
4600c36c,Bhavsar-Varughese,"04/701, Rao Chowk, Kottayam 674032",GJ
223a0fae,Choudhary PLC,"H.No. 998, Sule Nagar, Kamarhati 275598",AP
b15f05d1,Soman PLC,"17, Chauhan Road, Saharsa-181305",CT
28532468,Hegde and Sons,"H.No. 60, Dutta Marg, Anand-094967",MP
e6ab7961,Sachar-Wali,"248, Chander Ganj, Panvel 969683",TR
f305eb20,Dugar LLC,"26/345, Rege Chowk, Surat 870897",TG
958af8d3,Tak Group,"59/758, Chand Circle, New Delhi-832617",RJ
cf4ab2b7,"Sahota, Reddy and Ramanathan","H.No. 05, Gupta Road, Jamalpur 369814",SK
3d3ae2e0,Banerjee-Dutta,"58/143, Tata, Ramagundam 739833",CT
eea5463b,Chanda-Andra,"550, Viswanathan Nagar, Bhusawal-983638",CT
7eb45b7f,Cheema Inc,"35/97, Joshi Chowk, Panihati-761237",OD
92479169,"Chad, Khosla and Bala","51, Chakrabarti Nagar, Haridwar 444268",NL
27de7bd4,Thakur PLC,"394, Mahajan, Gandhidham 602647",KL
b9f34d0e,"De, Chandran and Devan","90/965, Tandon Circle, Sikar-900893",RJ
28aeeb93,"Bhatti, Sarna and Tandon","H.No. 005, Ramanathan Zila, Akola 906503",BR
22856b39,Dubey and Sons,"76/711, Garg Street, Cuttack 369172",SK
19b5cf41,Sachar PLC,"H.No. 339, Bhargava Zila, Saharsa-236273",AR
08d2c526,Chowdhury Group,"H.No. 21, Gara, Bidhannagar-012350",UP
5c388bbb,Bobal Ltd,"80/31, Chaudhary Circle, Motihari-833712",SK
b1d10ce7,Madan and Sons,"H.No. 32, Bir Nagar, Sirsa 977406",TR
e3a17ed1,Gole-Kurian,"78, Hayre Ganj, Bangalore 942610",OD
1006f3d5,"Mandal, Krish and Doshi","H.No. 65, Upadhyay Marg, Karnal-258574",UP
3cff2faf,"Banik, Arora and Balay","941, Sarma Marg, Thrissur-409709",AS
2ca277d8,"Kala, Chaudhry and Raju","H.No. 644, Chandra Nagar, Ambarnath-186324",HR
2cdc5d21,Dubey Ltd,"01, Bose Nagar, Tezpur-928559",AS
7b1beca0,Bhavsar Inc,"28, Dayal, Bikaner-239909",UP
1f117853,"Shenoy, Thaker and Balakrishnan","79, Master Ganj, South Dumdum 528915",KL
9dfd4128,"Swaminathan, Dass and Varma","12, Mani Path, Bilaspur-945891",WB
5cdbab83,Lad Inc,"H.No. 467, Sundaram Circle, Belgaum-650574",OD
125f3336,Varghese-Apte,"780, Johal Nagar, Arrah 494324",CT
89244256,Dhar-Krishnamurthy,"H.No. 646, Singhal Marg, Allahabad 297694",AS
5538f95a,"Bobal, Mane and Mammen","H.No. 402, Virk Marg, Durg-043256",RJ
304c0477,Korpal-Sethi,"H.No. 91, Ramaswamy Ganj, Kumbakonam-430559",KL
cc2a3be1,Dara-Ramesh,"H.No. 19, Krishnamurthy Path, Rajpur Sonarpur 280185",UK
e1c6227d,"Shenoy, Dayal and Verma","H.No. 29, Singh Nagar, Kozhikode-925716",WB
3e121371,Bala and Sons,"33/25, Ramesh Zila, Arrah 027587",TN
150b95c4,Kata Ltd,"89, Ratta Circle, Baranagar-224367",TR
bb5a564c,"Ganguly, Ganesh and Balakrishnan","513, Hans, Akola-806057",WB
24b30d18,Kibe-Bora,"33/997, Badami Zila, Bharatpur-966430",KA
7601587e,"Wable, Sangha and Hayre","22, Kadakia Chowk, Siwan 619772",KL
cd236a67,Gala LLC,"71/969, Ganesh Street, Ambattur 437202",NL
b2bf7696,"Chaudhari, Reddy and Badami","26, Goda Road, Arrah-168058",CT
f7d1b961,Shanker-Seth,"421, Desai Circle, Proddatur-647940",JH
90235951,Rege-Divan,"H.No. 37, Kakar Street, Aurangabad-526288",KL
0859d4b7,Lanka Ltd,"40/93, Sodhi Street, Mirzapur-339241",AS
cbe891de,Jani and Sons,"H.No. 60, Karpe Circle, Aizawl-749237",MH
dbd0a78c,Chahal-Chand,"H.No. 999, Raja Path, Vasai-Virar 771656",KA
ea5282e9,"Sarin, Tripathi and Sarraf","H.No. 235, Rana Road, Mirzapur-102469",KL
9a95e842,"Chand, Ganguly and Koshy","96/188, Chandran Zila, Serampore-834597",UP
5a1c2928,Keer-Dara,"68/427, Borra Path, Loni-663719",WB
42e74384,Gera-Sarkar,"43/691, Yohannan Road, Tiruvottiyur-089989",TR
8ae1a7e6,Dora Inc,"54/80, Kala Street, Bhind-573453",OD
84e993c9,Bandi Ltd,"143, Ganesan Ganj, Medininagar-475825",TN
fee31fde,Babu-Chahal,"30, Dyal Marg, Mirzapur-698376",JH
fe00ce75,"Kale, Khare and Dugal","85, Basu Chowk, Ballia 986054",AR
c6688436,"D’Alia, De and Saraf","42, Randhawa Chowk, Ranchi 774352",AP
676a2665,"Bhattacharyya, Swamy and Dani","47/17, Hegde, Madanapalle-999046",KA
fabf883d,"Chopra, Sura and Deshmukh","H.No. 84, Ganesan Path, Motihari 687320",HP
a6bc6ce4,"Mann, Bahri and Ray","038, Master Ganj, Shimla 887341",KA
6138d4d8,"Baria, Zachariah and Dar","633, Kibe Ganj, Raichur-718020",CT
38006bd7,"Chhabra, Sahota and Bora","H.No. 444, Magar Circle, Shimoga-108809",AP
d0f875ee,Jani-Gour,"06, Hans Circle, Ambala-836375",ML
26954a59,"Anand, Badal and Setty","H.No. 080, Khanna Chowk, Maheshtala 251751",MP
9b530839,"Kamdar, Ganguly and Bora","H.No. 433, Jaggi Road, Bikaner-980860",ML
585847c7,Karpe Ltd,"55/60, Chokshi, Ghaziabad 846774",CT
c742744c,Korpal and Sons,"H.No. 78, Verma Marg, Sri Ganganagar 199073",UP
a5aa7f8c,Verma PLC,"576, Gokhale, Hosur-860033",MP
e444af4d,Varghese-Wable,"47/42, Chokshi Path, Faridabad 807219",JH
3afc5aae,Bhattacharyya Ltd,"37/117, Chaudhary Zila, Kolhapur 764517",HP
deecb451,"Butala, Vasa and Kurian","15, Issac Marg, Ballia-114743",ML
20747014,"Gala, Acharya and Bains","36/09, Sengupta Circle, Aurangabad 566626",UK
c91537c7,Bahri-Tak,"48/16, Balasubramanian Street, Hajipur 043733",WB
76066900,Bava-Khurana,"59/967, Sengupta, Hubli–Dharwad-306058",MN
0762b751,"Ahluwalia, Badal and Viswanathan","H.No. 671, Desai, Kalyan-Dombivli 838895",MP
46ca2126,Bala Ltd,"70/33, Kapoor Zila, Raebareli-247327",ML
afc43375,Tiwari-Dalal,"149, Bhatti Ganj, Panchkula-757938",JH
f54f8358,Chhabra-Barman,"51, Butala Street, Tiruvottiyur-590730",NL
1f08d647,Chaudhuri and Sons,"178, Choudhary Zila, Gudivada-793594",NL
2b4c4058,"Mangal, Verma and Kumar","H.No. 352, Ramachandran Zila, Tinsukia 847933",KA
304f405b,"Dalal, Grover and Malhotra","452, Date Zila, Alappuzha-599451",HP
71dfd0ae,Char Group,"H.No. 912, Iyer Chowk, Coimbatore 475045",MN
0ef41abe,Bhatnagar-Varkey,"H.No. 85, Mane Ganj, Kadapa-300960",GA
f9a41fc6,"Kalla, Shankar and Vala","08/11, Tank Circle, Udupi 811642",PB
54e091fb,Kunda Group,"30, Sarin Road, Amritsar-369618",GA
d8761817,Tiwari-Srinivas,"21/695, Bobal Street, Belgaum-295770",WB
9a925cc9,Zachariah and Sons,"65/413, Sankaran Marg, Aligarh 196323",RJ
51b1287b,Magar-Bhatti,"H.No. 09, Bava Road, Haridwar-245646",TN
da7b6f11,Tandon PLC,"H.No. 50, Malhotra Path, Kavali-630808",RJ
7defc8fd,Zachariah-Goda,"034, Kari Zila, Satna 386644",PB
f5b7a558,Venkatesh-Rastogi,"H.No. 682, Hayer Nagar, Malda-231464",NL
7f237d87,Rajagopal-Borah,"89/714, Sridhar Ganj, Pondicherry-767268",TR
34a4a9dd,Bedi Ltd,"23/67, Borah Chowk, Satna 322485",UP
99b49499,Ramesh-Yohannan,"188, Grewal, Kavali-891330",NL
3fe492e1,Vyas LLC,"21/91, Keer Circle, Hosur 381165",KL
3fb03174,Venkataraman LLC,"953, Tripathi Street, Mau-186979",ML
50bfa06e,"Bhatti, Bora and Goel","H.No. 261, Gulati Street, Panipat-809088",MN
66562f32,"Chakrabarti, Walla and Bahl","H.No. 07, Kashyap Nagar, Bokaro-076885",UK
92a3b5bf,Chaudhuri and Sons,"15, Hegde Ganj, Miryalaguda-022066",TR
b23a9830,"Zachariah, Luthra and Brar","47/05, Sani, Burhanpur-617125",MN
6459a2f7,Virk and Sons,"13, Bali, Latur-804489",UK
9aa3e34d,Madan-Joshi,"212, Bhagat Path, Sasaram-965620",AP
966819a0,Sanghvi LLC,"H.No. 389, Soni Marg, Narasaraopet 985472",TN
bba5c1b4,Datta LLC,"376, Sehgal Marg, Kumbakonam 422708",AR
cf47b29e,"Goyal, Borah and Sarna","H.No. 75, Kakar Path, Tirunelveli 779244",CT
6e295c3e,Chacko-Bassi,"52, Ganesan Marg, Malegaon 608125",MZ
75ceee35,Bali-Mall,"H.No. 55, Kothari Ganj, Ghaziabad 023444",JH
2e9b98d2,"Trivedi, Tata and Varghese","H.No. 304, Choudhary Road, Farrukhabad 500795",UP
9407b0ff,Thaker and Sons,"58/036, Vaidya Path, Kurnool-020987",TN
f11b8772,Kashyap LLC,"H.No. 836, Khalsa Street, Gandhinagar 888561",TR
4bf2fc36,Comar LLC,"01/18, Solanki Road, Durgapur-783905",UP
2b8d3f2a,Sen Ltd,"872, Roy Marg, Thoothukudi 162933",WB
75a02104,Sanghvi-Bir,"H.No. 82, Kumar Chowk, Tadepalligudem-910778",TN
f06bda8d,Sabharwal-Din,"269, Sunder Street, Sambhal 168588",NL
2cc1b63c,Gola-Goswami,"04/226, Varma Marg, Gorakhpur-068851",HR
c682067f,Kant-Dyal,"02/53, Bala Street, Narasaraopet-166554",SK
d03ffa4c,Ravi Inc,"34/861, Biswas Street, Loni 557515",UK
2410751e,Dutt-Baria,"35, Aggarwal Marg, Coimbatore-777319",TR
5356e52b,Bhalla-Suri,"23, Kunda Circle, Narasaraopet-703813",UP
905084d8,Warrior-Shere,"52/27, Shetty Chowk, Bikaner-155660",GJ
34eae1e6,Balasubramanian LLC,"93/103, Keer Marg, Eluru-824088",JH
9b19db96,Bhat-Anand,"H.No. 66, Loyal Road, Hindupur 542924",MZ
9efaf7be,Sarraf Ltd,"23/085, Jhaveri, Ballia-677422",KA
c51e4b6c,"Chaudhary, Dey and Ahuja","86/250, Sagar Circle, Sonipat 619121",HP
dc115e1f,Joshi PLC,"29/18, Sankaran Nagar, Ahmednagar 531688",KA
8489c6e8,Mammen-Sarraf,"95/115, Khurana Street, Thane-321063",MZ
67bc85bf,Basu Group,"26/45, Karpe Marg, Ratlam 136570",UK
37bebba4,Walla-Sachdev,"H.No. 58, Zachariah Road, Warangal 397963",SK
2a549be2,Chakrabarti Ltd,"99, Chhabra Street, Tiruvottiyur-729594",KA
fb109adb,"Ramachandran, Hayre and Dewan","H.No. 694, Halder Circle, Vasai-Virar-371106",AS
b8d7dc26,Dayal Group,"H.No. 57, Balasubramanian Path, Ajmer-114580",RJ
67b21e50,Goswami Group,"754, Sabharwal Chowk, Dhanbad-777770",TN
d2fd5110,Shan-Sahni,"52/891, Bora Street, Bettiah 643009",MP
565676e8,"Lal, Balakrishnan and Master","92, Lalla Ganj, Mango 160511",AR
34ccec21,Karan-Ranganathan,"89, Biswas Zila, Narasaraopet-239776",MN
de665699,Balakrishnan-Batta,"H.No. 945, Sankar Road, Ranchi-877818",KL
cfb86b6b,Date-Kothari,"H.No. 643, Bobal Nagar, Karimnagar 501306",JH
f942fd9e,Gulati PLC,"79/425, Kadakia Chowk, Karimnagar 302438",TG
5c7338de,"Warrior, Biswas and Sangha","H.No. 44, Doctor Path, Satara-201530",KL
e0c9f339,"Wali, Toor and Vohra","H.No. 90, Kara Road, Pondicherry 782148",PB
143a79ba,Dar LLC,"H.No. 968, Som Nagar, Morena 283747",BR
368b0548,Deo-Chad,"04/221, Kannan Path, Ahmedabad 478810",AR
3e768eb3,Krishnamurthy Group,"66/47, Bhatt Road, Bally-893595",KA
ec1adab6,"Gopal, Joshi and De","H.No. 72, Ramaswamy Path, Belgaum 599787",OD
2114399e,"Sethi, Sangha and Ahuja","H.No. 570, Korpal Zila, Arrah 216140",GJ
a4f45dcd,Lad-Saini,"H.No. 77, Dutta Path, Begusarai-504361",ML
46d2183e,Loke Inc,"14/99, Khare Ganj, Nizamabad-447846",HP
e64b5d07,"Sane, Raval and Sengupta","H.No. 20, Yadav Marg, Bongaigaon-123189",KL
4f2038d2,"Swaminathan, Dash and Dixit","789, Batta Circle, Kumbakonam-732891",HR
809a541c,Kade Ltd,"33, Tripathi Road, Pondicherry-247576",MZ
5541f5e0,Sidhu PLC,"70/583, Lala Chowk, Indore-468344",AS
15b0325c,"Agarwal, Dada and Sharma","H.No. 93, Rattan Road, Ghaziabad 160125",JH
74cd293a,"Swaminathan, Sami and Sachdeva","H.No. 618, Walla Street, Meerut 880109",JH
40bc13fb,Choudhury-Dara,"89, Ben Street, Aizawl-346530",UP
f3fb4f05,Gopal and Sons,"995, Dara Circle, Medininagar 704736",MH
c6e61725,Dass-Kapadia,"02, Raman Zila, Meerut 866583",AP
77bfe0c9,Mannan Ltd,"H.No. 345, Rau Street, Ambattur-508658",TG
cfc1e535,"Srinivasan, Agarwal and Khosla","73/405, Sachdev Path, Hazaribagh-880908",TN
785315e8,Keer Ltd,"63, Sankar Path, Akola-927450",MZ
094e0a1c,"Dey, Master and Kala","980, Khanna Chowk, Pune-014064",MH
c8f8dd1b,"Gopal, Agrawal and Warrior","16, Dhawan Road, Panvel-497237",KL
7c442f29,Varughese-Golla,"921, Iyengar Marg, Madhyamgram 777516",NL
d316f61b,"Loke, Gola and Shukla","H.No. 02, Raja Chowk, Hospet 341954",ML
40818db6,Rao-Mani,"008, Gole Marg, Aurangabad-786995",UK
fe6afaff,Loyal-Dhaliwal,"553, Bakshi Chowk, Delhi-570558",UP
c16bb3ea,Wadhwa-Jayaraman,"475, Gera Ganj, Asansol 657621",TR
8d35e480,Kala-Amble,"H.No. 049, Magar Marg, Shimoga 871917",AS
56a7eb61,Gala Inc,"52/62, Gill Path, Panchkula 306578",WB
6d93a276,"Toor, Choudhry and Tara","H.No. 255, Luthra Nagar, Singrauli 769385",RJ
026fa014,Chana-Suresh,"43/074, Karan Chowk, Silchar 125364",UP
b7dc0a55,Ramanathan-Saini,"156, Bhargava Zila, Khammam 030673",HP
5dd3d68a,Kakar-Dubey,"H.No. 34, Dhar Nagar, Bokaro-245034",RJ
315c8718,Sabharwal-Keer,"H.No. 352, Kapoor, Guna 324767",NL
c2ae86cc,Buch-Deshpande,"90/02, Sachdev Ganj, Latur-498301",GJ
02bca4ac,"Bhasin, Gupta and Madan","23/71, Datta Marg, Nagpur-433678",ML
d38c5d67,Ben-Chahal,"H.No. 49, Chaudhary Marg, Junagadh-690764",RJ
45eeaab6,Brar-Bhagat,"346, Rau Chowk, Mira-Bhayandar 549370",JH
bf170e67,"Chanda, Loke and Tailor","65/828, Andra Chowk, Bhilwara-697587",WB
ab777594,Sarkar Inc,"H.No. 81, Kannan Zila, Bahraich 713812",HP
8672025e,"Bumb, Shah and Manda","H.No. 32, Manne Ganj, Pune 720591",KA
abafd8d4,Seshadri-Sane,"147, Varty Path, Allahabad-470111",WB
ccd9d619,Kumer Group,"H.No. 291, Ray Path, Danapur-643465",HP
5ab73263,"Kalla, Singhal and Rege","50, Deshpande Circle, Jodhpur-126401",OD
a9afcfb1,Chaudhry-Sule,"57/266, Hayre Road, Karnal-676646",MP
d35ab836,Gokhale-Ghosh,"81, Karnik, New Delhi 981184",KA
dd517223,Sethi-Tak,"25/25, Hora Street, Aizawl 903496",PB
3567123f,"Gopal, Wason and Sami","H.No. 09, Dalal Street, Karimnagar-897902",RJ
10899795,Singh LLC,"21/20, Ahluwalia Ganj, Erode 058552",TG
a4348476,Borah Ltd,"34, Sachar Ganj, Ghaziabad 938548",UK
f35561d1,Shere Ltd,"40/364, Ramanathan Circle, Begusarai-033629",NL
